,title,id,author,num_comments,url
2020-11-01 22:58:19,Trump MAGA vehicle parade shuts down Mario Cuomo bridge in New York,jmc097,Bonboniru,6,https://www.independent.co.uk/news/world/americas/us-election-2020/trump-supporters-shut-mario-cuomo-bridge-new-york-b1514537.html?amp
2020-11-01 22:56:48,Trump Supporters Chant 'USA' in Face of Antifa in Beverly Hills,jmbzcy,saigeco,38,https://www.breitbart.com/law-and-order/2020/10/31/trump-supporters-chant-usa-in-face-of-antifa-in-beverly-hills/
2020-11-01 22:54:46,Three shot in Kansas confrontation over Trump yard signs,jmby6m,cheeseandpancakes34,48,https://thehill.com/homenews/523888-three-shot-in-kansas-confrontation-over-trump-yard-signs
2020-11-01 22:47:39,Trump MAGA vehicle parade shuts down Mario Cuomo bridge in New York,jmbtuz,Pessimist2020,247,https://www.independent.co.uk/news/world/americas/us-election-2020/trump-supporters-shut-mario-cuomo-bridge-new-york-b1514537.html
2020-11-01 22:47:10,"Trump plans to declare premature victory if he appears ""ahead"" on election night",jmbtks,Boardindundee,7,https://www.axios.com/trump-claim-election-victory-ballots-97eb12b9-5e35-402f-9ea3-0ccfb47f613f.html?utm_campaign=organic&amp;utm_medium=socialshare&amp;utm_source=twitter
2020-11-01 22:42:58,Biden team weighs informal ban on naming Democratic senators to Cabinet,jmbr1z,Ezzy17,59,https://www.axios.com/biden-cabinet-elizabeth-warren-bernie-sanders-a9903e50-a8e1-4416-b24a-ddfbe3b48afe.html?utm_source=facebook&amp;utm_medium=social&amp;utm_campaign=organic&amp;utm_content=1100
2020-11-01 22:38:14,"Joe Biden is ‘last shot’ for establishment Democrats, says Lawrence Jones",jmbo5x,FortyYearOldVirgin,28,https://www.foxnews.com/politics/joe-biden-last-shot-dem-establishment-lawrence-jones
2020-11-01 22:35:46,Pro-Trump car caravan briefly blocks New Jersey highway,jmbmkm,Aplay1,64,https://thehill.com/homenews/campaign/523890-pro-trump-car-caravan-briefly-blocks-new-jersey-highway
2020-11-01 22:34:46,"Tests Show Genetic Signature of Coronavirus That Likely Infected Trump | The White House did not take basic steps to investigate its outbreak. We worked with geneticists to sequence the virus that infected two journalists exposed during the outbreak, providing clues to how it may have spread.",jmblyf,TJ_SP,20,https://www.nytimes.com/2020/11/01/science/trump-covid-19-genome.html
2020-11-01 22:21:49,Trump Adviser Baselessly Claims Democrats Will Try To 'Steal' Election,jmbdv3,qdude1,62,https://www.huffpost.com/entry/jason-miller-claims-democrats-try-to-steal-election_n_5f9ee32bc5b658b27c3b8c99
2020-11-01 22:16:51,Three Words That Haunt Joe Biden: ‘Dewey Defeats Truman’,jmbaxj,MulletPizza,7,https://finance.yahoo.com/news/three-words-haunt-joe-biden-130020853.html
2020-11-01 22:15:08,Trump adviser doubles down on baseless Trump claim doctors are profiting off coronavirus deaths,jmb9w8,teslacoil1,29,https://www.politico.com/news/2020/11/01/doctors-profit-coronavirus-deaths-trump-miller-433793
2020-11-01 22:14:11,"To win, Trump needs 11 million more votes than he got in 2016",jmb9c8,vaguelyuptodate2020,322,https://fortune.com/2020/11/01/who-will-win-can-trump-win-2020-election-chances-odds-votes-electoral-college-turnout/
2020-11-01 22:11:08,Videos show Trump supporters slow and shut down traffic on a portion of the Garden State Parkway in New Jersey,jmb7id,TrumpSharted,307,https://www.businessinsider.com/trump-supporters-traffic-on-the-garden-state-parkway-2020-11
2020-11-01 22:04:06,Trump supporters block major New Jersey highway ahead of 2020 election,jmb2yh,WyldBlu,10,https://www.independent.co.uk/news/world/americas/us-election-2020/trump-garden-state-parkway-new-jersey-2020-maga-trucks-b1509844.html?fbclid=IwAR0j5xyEiEP8U1r5mnSFCFPOz20RjBuSmQ2ZN-ilI9UiyAXtDJs0XuEk1Ww
2020-11-01 22:03:35,Trump supporters block major New Jersey highway ahead of 2020 election,jmb2nc,WyldBlu,6,https://www.independent.co.uk/news/world/americas/us-election-2020/trump-garden-state-parkway-new-jersey-2020-maga-trucks-b1509844.html?fbclid=IwAR0j5xyEiEP8U1r5mnSFCFPOz20RjBuSmQ2ZN-ilI9UiyAXtDJs0XuEk1Ww
2020-11-01 22:02:16,The Trump Administration Treats Seniors as Expendable,jmb1tg,wherearya,27,https://www.americanprogress.org/issues/healthcare/news/2020/10/29/492541/trump-administration-treats-seniors-expendable/
2020-11-01 21:56:11,Trump plans to declare victory if he takes election night lead: Axios,jmaxzl,_JacobM_,21,https://thehill.com/homenews/campaign/523866-trump-plans-to-declare-victory-if-he-takes-election-night-lead-axios
2020-11-01 21:53:59,Pittsburgh Post-Gazette Endorses Trump; First Time Paper Has Endorsed Republican Since 1972,jmawoa,oz4ut,27,https://www.dailywire.com/news/pittsburgh-post-gazette-endorses-trump-first-time-paper-has-endorsed-republican-since-1972
2020-11-01 21:41:30,Trump chooses bizarre Covid-19 doctor lie as closing argument for his 2020 campaign,jmaosm,Mutexception,7,https://www.msnbc.com/rachel-maddow/watch/trump-chooses-bizarre-covid-19-doctor-lie-as-closing-argument-for-his-2020-campaign-95053893506
2020-11-01 21:38:16,RNC chair Ronna McDaniels predicts ‘surge’ of Trump voters on Election Day,jmamrm,zardoz_the_uplink,36,https://nypost.com/2020/11/01/rnc-chair-predicts-surge-of-trump-voters-on-election-day/
2020-11-01 21:37:21,Report: Democrats Growing More Anxious in Pennsylvania About ‘Late Shift’ Towards Trump,jmam6u,beepboopaltalt,90,https://www.breitbart.com/politics/2020/11/01/report-democrats-growing-more-anxious-in-pennsylvania-about-late-shift-towards-trump/
2020-11-01 21:36:32,"Trump plans to declare premature victory if he appears ""ahead"" on election night",jmalng,radabdivin,19,https://www.axios.com/trump-claim-election-victory-ballots-97eb12b9-5e35-402f-9ea3-0ccfb47f613f.html
2020-11-01 21:33:06,"Trump plans to declare premature victory if he appears ""ahead"" on election night",jmajfl,Jay_CD,11,https://www.axios.com/trump-claim-election-victory-ballots-97eb12b9-5e35-402f-9ea3-0ccfb47f613f.html?utm_campaign=organic&amp;utm_medium=socialshare&amp;utm_source=twitter
2020-11-01 21:32:15,Meghan McCain predicts 'hysteria from the Trump family' if the president loses the upcoming election,jmaivs,Facerealityalready,901,https://www.yahoo.com/entertainment/meghan-mccain-predicts-hysteria-from-the-trump-family-if-the-president-loses-the-upcoming-election-212319100.html
2020-11-01 21:30:51,Chris Wallace said he was 'pissed off' when he found out that the Trump family did not have their masks on during the presidential debate,jmahzu,Twoweekswithpay,39,https://www.businessinsider.com/chris-wallace-pissed-off-about-trumps-removing-masks-at-debate-2020-11
2020-11-01 21:23:45,"Joe Biden becomes 'an underdog' if he doesn't win Pa., says Nate Silver",jmadex,PM_me_ur_goth_tiddys,33,https://www.foxnews.com/politics/joe-biden-underdog-without-pennsylvania-win-nate-silver
2020-11-01 21:19:30,'A slap in the face': Keilar slams Trump Jr. for false claim,jmaapi,News2016,19,https://www.cnn.com/videos/politics/2020/10/30/trump-jr-false-claim-covid-deaths-keilar-nr-sot-vpx.cnn
2020-11-01 21:19:03,Trump in Pennsylvania announces he signed executive order to protect fracking,jmaaew,beepboopaltalt,44,https://www.foxnews.com/politics/trump-pennsylvania-american-dream
2020-11-01 21:17:15,Pittsburgh newspaper backs Trump in first GOP presidential endorsement since 1972,jma9b6,vilified-moderate,6,https://www.thehill.com/homenews/campaign/523833-pittsburgh-backs-trump-in-first-republican-presidential-endorsement-since%3Famp
2020-11-01 21:10:14,"Michael Moore, on Donald Trump using the song “Proud to be an American” when he takes the stage: “I don't think the majority of Americans are proud at this moment.”",jma4sr,Jons312,65,https://www.msnbc.com/the-week/watch/michael-moore-on-donald-trump-using-the-song-proud-to-be-an-american-when-he-takes-the-stage-i-don-t-think-the-majority-of-americans-are-proud-at-this-moment-95091269848
2020-11-01 21:07:15,Biden works to push Black turnout in campaign's final days,jma2x3,GregWilson23,15,https://apnews.com/article/1582b61d263b84f860f9e82b58d7c773
2020-11-01 21:04:51,Trump Supporters Spend Weekend Clogging Blue State Highways,jma1fn,vanulovesyou,15,https://www.thedailybeast.com/trump-supporters-spend-weekend-clogging-blue-state-highways?source=articles&amp;via=rss
2020-11-01 20:49:59,Trump plans to declare victory if he takes Election Night lead: Axios,jm9rt4,FloridaGirlNikki,8,https://thehill.com/homenews/campaign/523866-trump-plans-to-declare-victory-if-he-takes-election-night-lead-axios?__twitter_impression=true
2020-11-01 20:48:33,"Chris Wallace 'pissed off' first family didn't wear masks during debate, suggests Trump has 'daddy issue'",jm9qw5,Pessimist2020,7,https://thehill.com/homenews/media/523863-chris-wallace-pissed-off-first-family-wore-no-masks-during-debate-suggests
2020-11-01 20:45:51,Trump plans to declare victory early on Tuesday.,jm9p8c,VGAddict,16,https://www.axios.com/trump-claim-election-victory-ballots-97eb12b9-5e35-402f-9ea3-0ccfb47f613f.html
2020-11-01 20:42:45,Joe Biden supporters caravan across Coachella Valley two days before presidential election,jm9n8h,TrumpSharted,8,https://www.desertsun.com/story/news/politics/2020/11/01/joe-biden-supporters-caravan-across-coachella-valley-sunday-afternoon/6114247002/
2020-11-01 20:37:45,Man thought people were stealing Donald Trump signs; three shot,jm9jxu,EschewObfuscation10,248,https://www.cjonline.com/news/20201101/man-thought-people-were-stealing-donald-trump-signs-three-shot
2020-11-01 20:35:49,Trump plans to declare victory if he takes Election Night lead: Axios,jm9ipd,bernd1968,190,https://thehill.com/homenews/campaign/523866-trump-plans-to-declare-victory-if-he-takes-election-night-lead-axios?__twitter_impression=true
2020-11-01 20:33:05,"God, masks and Trump: What a coronavirus outbreak at a California church says about the election",jm9gyo,DJO_1988,9,https://www.latimes.com/california/story/2020-11-01/god-masks-and-trump-what-a-coronavirus-outbreak-at-a-california-church-reveals-about-the-election
2020-11-01 20:21:12,"Trump plans to declare premature victory if he appears ""ahead"" on election night",jm99jm,ammirite,12,https://www.axios.com/trump-claim-election-victory-ballots-97eb12b9-5e35-402f-9ea3-0ccfb47f613f.html
2020-11-01 20:19:17,Trump confides he’ll declare Election night victory if appears he’s ‘ahead’,jm98c7,Pessimist2020,295,https://www.independent.co.uk/news/world/americas/us-election-2020/us-election-2020-trump-victory-early-election-call-b1511795.html
2020-11-01 20:14:50,How will TV networks handle bogus Trump claims on election night?,jm95hy,TrumpSharted,87,https://www.cnn.com/videos/business/2020/11/01/how-will-tv-networks-handle-bogus-trump-claims-on-election-night.cnn
2020-11-01 20:05:04,Officials Flame ‘Garbage’ Trump Camp Argument That Counting Votes Is Election Theft,jm8yx9,michkennedy,64,https://talkingpointsmemo.com/news/officials-flame-garbage-trump-camp-argument-that-counting-votes-is-election-theft
2020-11-01 19:58:08,"Man Ramming Biden Campaign Staffer has been busy: West Texas man impersonates police, confronts actual police",jm8u6p,Unicornqueen3,22,https://www.mysanantonio.com/news/local/article/West-Texas-man-impersonates-police-confronts-5806414.php
2020-11-01 19:52:49,"Trump plans to declare premature victory if he appears ""ahead"" on election night",jm8qq8,CodeDinosaur,9,https://www.axios.com/trump-claim-election-victory-ballots-97eb12b9-5e35-402f-9ea3-0ccfb47f613f.html
2020-11-01 19:50:01,"Trump plans to declare premature victory if he appears ""ahead"" on election night",jm8out,Chanel1202,11,https://www.axios.com/trump-claim-election-victory-ballots-97eb12b9-5e35-402f-9ea3-0ccfb47f613f.html?fbclid=IwAR0xeSB2LdjVpwlyM-KkhGPvkprk3yUTB8z2pbcZyJ82251byyQ2MUm9Djg
2020-11-01 19:40:03,Election 2020: A vote for Trump is a vote for economic progress for African Americans,jm8i7l,saigeco,38,https://www.usatoday.com/story/opinion/2020/11/01/donald-trump-african-american-black-economic-progress-vote-column/6081310002/
2020-11-01 19:35:25,Trump Camp Uses Online Gimmick to Fuel Donations Into December,jm8f75,Pessimist2020,7,https://www.nytimes.com/2020/10/31/us/politics/trump-fundraising-donations.html
2020-11-01 19:35:21,Trump criticizes lockdowns in Europe as Covid-19 cases surge on the continent and in US,jm8f5s,cristianpodar,26,https://www.cnn.com/2020/11/01/politics/trump-europe-lockdowns-criticism/index.html
2020-11-01 19:30:35,"US election: Trump victory could have ‘huge ramifications for the planet,’ says Ed Miliband",jm8bwb,mohiemen,9,https://www.independent.co.uk/news/world/americas/us-election-2020/us-election-trump-biden-latest-climate-change-b1506603.html
2020-11-01 19:27:00,SEE IT: Barack Obama makes effortless three-pointer while campaigning for Biden,jm89l6,66fenderjazz,9,https://www.nydailynews.com/news/national/ny-barack-obama-three-point-shot-20201101-3cj3w5egmjbkjoe4aezocf6iyi-story.html
2020-11-01 19:26:29,Trump plans to declare premature victory if he appears ahead on election night,jm898r,INMATE_NUMBER_45343,20,https://www.axios.com/trump-claim-election-victory-ballots-97eb12b9-5e35-402f-9ea3-0ccfb47f613f.html?utm_campaign=organic&amp;utm_medium=socialshare&amp;utm_source=twitter
2020-11-01 19:24:44,Trump COVID adviser Scott Atlas apologizes for appearing on Russian state TV,jm883o,Demi_em,11,https://www.axios.com/scott-atlas-rt-russia-today-48f2dcae-8660-438e-90af-407b90e4b490.html
2020-11-01 19:12:45,Coronavirus digest: Trump denounces Europe's 'draconian' new lockdowns,jm807i,Momo-1973,25,https://www.dw.com/en/coronavirus-digest-trump-denounces-europes-draconian-new-lockdowns/a-55462194
2020-11-01 19:09:22,Labor leaders propose a general strike if Trump loses but does not accept the results,jm7xzb,mostaksaif,9,https://www.salon.com/2020/11/01/labor-leaders-propose-a-general-strike-if-trump-loses-but-does-not-accept-the-results/
2020-11-01 19:04:23,Trump begins blistering final campaign sprint in effort to defy negative polls,jm7uq8,mostaksaif,18,https://www.theguardian.com/us-news/2020/nov/01/donald-trump-us-election-final-campaign-sprint
2020-11-01 18:55:02,Trump Adviser Equates Counting Ballots With Stealing the Election,jm7ohp,Xeelee1123,7,https://www.thedailybeast.com/trump-adviser-jason-miller-equates-counting-ballots-with-stealing-the-election?ref=home
2020-11-01 18:52:23,"Trump Wins Unless Voter Turnout Reaches an All-Time High, According to Data from the American Customer Satisfaction Index",jm7mue,GliAcountSonoInutili,11,https://apnews.com/press-release/business-wire/donald-trump-business-north-america-united-states-michigan-cf2d297fdc4e49c1b4a32c8b868fa545
2020-11-01 18:43:11,"Three people shot after man confronts people over stealing Trump yard signs, police say. Officials launch investigation into shooting after man reportedly confronts people about stolen Trump signs",jm7gut,Facerealityalready,23,https://www.independent.co.uk/news/world/americas/us-election-2020/trump-election-2020-us-kansas-shooting-signs-b1510161.html
2020-11-01 18:40:55,Ivanka Trump compares father to Churchill,jm7feo,ChiGuy6124,17,https://www.independent.co.uk/news/world/americas/ivanka-trump-donald-trump-united-states-president-winston-churchill-b1504114.html
2020-11-01 18:02:02,Trump admin funds plasma company based in owner’s condo,jm6qpj,eaglemaxie,8,https://bangordailynews.com/2020/11/01/national-politics/trump-admin-funds-plasma-company-based-in-owners-condo/
2020-11-01 18:00:58,"Trump adviser falsely claims Democrats could ""steal"" electoral votes",jm6pzu,TheGamerDanYT,77,https://www.axios.com/trump-campaign-steal-election-jason-miller-1e5d67fc-4b09-495b-bca8-5ec78492fb42.html
2020-11-01 17:54:21,RNC chair: 'I think women are coming back' to Trump,jm6lk8,Pessimist2020,37,https://thehill.com/homenews/sunday-talk-shows/523835-rnc-chair-i-think-women-are-coming-back-to-trump
2020-11-01 17:51:45,Biden is favored to win the election,jm6jwz,eaglemaxie,16,https://projects.fivethirtyeight.com/2020-election-forecast/?cid=rrpromo
2020-11-01 17:45:00,Trump says 'the great American Comeback is underway' as COVID-19 cases surge to record highs,jm6fgj,Flask729,37,https://www.businessinsider.com/trump-says-american-comeback-lockdowns-covid-19-cases-surge-2020-11
2020-11-01 17:37:43,"The Trump Campaign Is Working Overtime to Delegitimize Tens of Millions of Ballots: No, counting mail-in votes is not the same as stealing the election.",jm6alg,Pomp_N_Circumstance,371,https://www.motherjones.com/2020-elections/2020/11/the-trump-campaign-is-working-overtime-to-delegitimize-tens-of-millions-of-ballots/
2020-11-01 17:35:50,DeWine forecasts Trump wins Ohio in 'close vote',jm69de,awake-at-dawn,39,https://thehill.com/homenews/campaign/523845-dewine-forecasts-trump-wins-ohio-in-close-vote
2020-11-01 17:35:36,"""Logistical nightmare"": PA Trump supporters left stranded waiting of buses after president's rally",jm698b,buffyfan12,9,https://www.newsweek.com/logistical-nightmare-pa-trump-supporters-left-stranded-waiting-buses-after-presidents-rally-1543853
2020-11-01 17:33:04,Granholm raises prospect of Trump seizing ballots from election,jm67ll,darkstarman,10,https://www.freep.com/story/news/politics/elections/2020/07/31/trump-election-granholm-ballot-boxes/5553878002/
2020-11-01 17:32:33,Trump Adviser Equates Counting Ballots With Stealing the Election,jm679g,Stock412,237,https://www.thedailybeast.com/trump-adviser-jason-miller-equates-counting-ballots-with-stealing-the-election?via=twitter_page
2020-11-01 17:31:22,Trump Adviser Jason Miller Doubles Down on Bogus Claim That Docs Are Profiting Off COVID,jm66i7,TheGamerDanYT,39,https://www.thedailybeast.com/trump-adviser-jason-miller-restates-claim-that-doctors-are-profiting-off-covid
2020-11-01 17:29:53,Anti-Trump PAC transports controversial billboards of Ivanka Trump and Jared Kushner from NYC to the president's Mar-a-Lago property,jm65k1,michkennedy,11,https://www.businessinsider.com/anti-trump-pac-moves-times-square-billboards-to-florida-2020-11
2020-11-01 17:16:21,Biden discloses top campaign rainmakers - POLITICO,jm5ww1,lmbb20,14,https://www.politico.com/news/2020/10/31/biden-top-campaign-fundraisers-433774
2020-11-01 17:16:16,Pittsburgh newspaper backs Trump in first GOP presidential endorsement since 1972,jm5wtz,pentin0,33,https://thehill.com/homenews/campaign/523833-pittsburgh-backs-trump-in-first-republican-presidential-endorsement-since
2020-11-01 17:13:16,Newt Gingrich: Will Trump win? Yes. I think history will repeat itself – here's why,jm5v0z,nimobo,35,https://www.foxnews.com/opinion/trump-win-history-repeat-newt-gingrich
2020-11-01 17:07:02,"Trump never received majority job approval rating during his entire presidency, 41 separate polls show",jm5qyq,Plymouth03,518,https://www.newsweek.com/trump-never-received-majority-job-approval-rating-during-his-entire-presidency-41-separate-polls-1543862
2020-11-01 17:05:46,"Protesters bring horse to AG Bill Barr’s house, demand he lock up Joe Biden",jm5q4h,bruce656,56,https://nypost.com/2020/11/01/protesters-bring-horse-to-ag-barrs-house-demanding-he-arrest-biden/
2020-11-01 17:05:19,A top Trump coronavirus adviser made an appearance on a Russian propaganda outlet saying lockdown policies are 'killing people',jm5ptw,Twoweekswithpay,34,https://www.businessinsider.com/scott-atlas-appeared-on-russian-propaganda-outlet-and-slammed-lockdowns-2020-11
2020-11-01 17:00:42,Trump noticeably absent from key US Senate race in Montana,jm5mrj,aktivate74,12,https://www.independent.co.uk/news/world/americas/us-politics/trump-noticeably-absent-from-key-us-senate-race-in-montana-donald-trump-jr-steve-daines-trump-president-montana-b1507394.html
2020-11-01 16:54:45,Trump admin. funds plasma company based in owner's condo,jm5ixg,buckeyerunner1,11,https://finance.yahoo.com/news/trump-admin-funds-plasma-company-132407149.html?guce_referrer=ahr0cdovl20uzmfjzwjvb2suy29tlw&amp;guce_referrer_sig=aqaaadxsdeb0y2ncl7pkkisktdtbgxmbza3xfaxv6rnoh-f6gw4dlkkotnqw80yzafiupolkl6eahercccxygssofydftnojozjl7i_qx3lzogtnadrjtpo_u26qxdt4lmx9-rew0ekshp52bhdqqsds0zmpjhf-oeonzxmuss_155y2
2020-11-01 16:50:32,This one poll is giving Trump backers hope and Democrats anxiety,jm5gc8,chrisjd,64,https://edition.cnn.com/2020/11/01/politics/iowa-poll-selzer/index.html
2020-11-01 16:47:08,Donald Trump claims Sean Connery accelerated the president's 'big Scotland development' in his tribute to the former Bond actor,jm5e7d,1PositiveKarma1,27,https://www.scotsman.com/news/politics/donald-trump-claims-sean-connery-accelerated-presidents-big-scotland-development-his-tribute-former-bond-actor-3021606
2020-11-01 16:46:08,Buttigieg denounces Trump campaign for 'suppressing voters' calling it 'a stain on that campaign forever,jm5dl2,IamnotHorace,162,https://thehill.com/homenews/campaign/523840-buttigieg-denounces-trump-campaign-for-suppressing-voters-calling-it-a
2020-11-01 16:45:13,"Fox News Poll: Majority trusts Biden on COVID, half say virus is out of control",jm5d1n,geoxol,29,https://www.foxbusiness.com/politics/fox-news-poll-majority-trusts-biden-on-covid-half-say-virus-is-out-of-control
2020-11-01 16:40:42,There Are Evangelicals Who Stand Against Trump. I’m One of Them.,jm5a9r,elguiridelocho,202,https://www.nytimes.com/2020/11/01/opinion/trump-evangelicals.html
2020-11-01 16:37:12,"Trump Closing With Breakneck Pace Of Lie Fests — Even Though They May Be Hurting. Polling shows Trump’s insistence on staging in-person rallies is turning off all but his hard-core supporters, while a new study shows they are spreading the coronavirus.",jm585t,Plymouth03,6,https://www.huffpost.com/entry/trump-rallies-covid_n_5f9de525c5b65662bcc7abec
2020-11-01 16:27:24,Joe Biden campaign tote bag features portrait from artist with intellectual disability,jm522x,Gambit08,97,https://www.yahoo.com/lifestyle/joe-biden-campaign-tote-bag-rick-fleming-artist-intellectual-disability-182242871.html
2020-11-01 16:27:20,"Trump decides to declare Día de Muertos (Day of the Dead), National Day of Remembrance for Americans Killed by Illegal Aliens. What the hell??",jm521y,guyeatsoctopus,12,https://www.whitehouse.gov/presidential-actions/proclamation-national-day-remembrance-americans-killed-illegal-aliens-2020/?fbclid=IwAR0l1n7-PmnECiYiybHsoSgWTiBwXIZHTZ0G7ha3ZjY3VD3OEQyt_6OrrTk
2020-11-01 16:26:07,"Outspent in the homestretch, Trump campaign says its ground game is stronger.",jm51d0,Hetalbot,44,https://www.npr.org/2020/10/26/927453369/outspent-in-the-homestretch-trump-campaign-says-its-ground-game-is-stronger
2020-11-01 16:22:27,Rick Scott says it's Trump rallygoers' 'responsibility' to decide whether to social distance and wear masks,jm4z4p,Supremetacoleader,36,https://thehill.com/homenews/sunday-talk-shows/523834-sen-rick-scott-on-trump-rallygoers-practicing-social-distancing
2020-11-01 16:22:21,Trump announces day of remembrance for Americans killed by illegal immigrants,jm4z2q,_mark_davis_,54,https://www.foxnews.com/politics/trump-day-of-remembrance-illegal-immigrants
2020-11-01 16:21:42,In praise of Joe Biden — The moment has met the man.,jm4ymt,chris-jjj,36,https://www.bostonglobe.com/2020/11/01/opinion/praise-joe-biden/
2020-11-01 16:13:41,"Trump Wins Unless Voter Turnout Reaches an All-Time High, According to Data from the American Customer Satisfaction Index",jm4tue,GliAcountSonoInutili,17,https://ca.finance.yahoo.com/news/trump-wins-unless-voter-turnout-141400955.html
2020-11-01 16:12:44,Nixon Scandal Resulted In A Law To Prevent The Politicization Of Antitrust Cases; Meanwhile Trump Uses His Politicized Antitrust Effort In Campaign Ad,jm4ta5,blademan9999,10,https://www.techdirt.com/articles/20201029/00180345609/nixon-scandal-resulted-law-to-prevent-politicization-antitrust-cases-meanwhile-trump-uses-his-politicized-antitrust-effort.shtml
2020-11-01 16:09:29,"In campaign's final days, Trump hopes rallies mean big votes",jm4r7r,Juliemylove,30,https://apnews.com/article/election-2020-joe-biden-donald-trump-virus-outbreak-elections-1582b61d263b84f860f9e82b58d7c773
2020-11-01 16:07:25,"Trump COVID adviser Scott Atlas tells Russian state media lockdowns are ""killing"" Americans - Newsweek",jm4pwa,ex1stence,66,https://www.newsweek.com/trump-covid-scott-atlas-russian-state-media-lockdowns-killing-americans-1543837
2020-11-01 16:06:14,US election 2020: What has Trump said about your country?,jm4p50,brithus,8,https://www.bbc.com/news/election-us-2020-54736485
2020-11-01 16:05:28,Pennsylvania governor predicts Biden win in state: 'Things are different now',jm4onz,Votings_Good_Folks,27,https://thehill.com/homenews/campaign/523829-pennsylvania-governor-predicts-biden-win-things-are-different-now-than-in
2020-11-01 16:03:58,Traveling with Trump is a cognitive dissonance carnival,jm4nry,TJ_SP,26,https://www.latimes.com/politics/story/2020-11-01/traveling-with-trump-is-a-cognitive-dissonance-carnival
2020-11-01 15:59:50,Donald Trump Is Turning An Independent Taxpayer-Funded News Network Into Political Propaganda,jm4l4n,PDXJC1971,17,https://m.huffpost.com/us/entry/us_5f9db16dc5b65662bcc799da
2020-11-01 15:54:37,Fox News poll: Biden leads by 15 points on who is more 'honest and trustworthy',jm4hvi,Ice_Burn,150,https://thehill.com/homenews/campaign-polls/523830-fox-news-poll-biden-leads-by-15-points-on-who-is-more-honest-and
2020-11-01 15:52:10,Adviser says Biden campaign officials 'feel very good about our pathways to victory',jm4gcp,Ryan_Holman,16,https://thehill.com/homenews/campaign/523827-biden-campaign-adviser-says-they-are-not-leaving-anything-to-chance-but
2020-11-01 15:49:06,"FiveThirtyEight founder Nate Silver: ""Without Pennsylvania, Biden becomes an underdog""",jm4eg6,dantstk,208,https://www.axios.com/pennsylvania-biden-underdog-nate-silver-2c1fb6c6-c75f-4cf5-9ee6-d51df1741e2b.html
2020-11-01 15:36:06,Dr Anthony Fauci is the only figure to find his approval rating rise after being associated with Donald Trump,jm46mu,grepnork,1025,https://www.independent.co.uk/news/world/americas/us-election-2020/anthony-fauci-donald-trump-approval-rating-niaid-covid-b1486421.html
2020-11-01 15:35:37,Why you should be confident that Joe Biden is going to win the US election,jm46cj,TheColinous,58,https://www.newstatesman.com/world/2020/10/why-you-should-be-confident-joe-biden-going-win-us-election
2020-11-01 15:28:36,'A whole lot of hurt': Fauci angers Trump White House with dark Covid outlook,jm423c,zsreport,24,https://www.theguardian.com/world/2020/nov/01/anthony-fauci-washington-post-covid-donald-trump
2020-11-01 15:28:20,The latest batch of swing state polls shows a healthy Biden lead,jm41xy,ThorJackHammer,23,https://www.vox.com/2020/11/1/21544267/trump-biden-polls-2020-election
2020-11-01 15:12:47,"Liberal Privilege review: Donald Trump Jr, Maga porn – and the future of the Republican party",jm3t2s,silent_sigh-69,26,https://www.theguardian.com/us-news/2020/nov/01/liberal-privilege-review-donald-trump-jr-maga-republican-party?CMP=Share_iOSApp_Other
2020-11-01 15:11:22,"Joe Biden speaking at John McCain's funeral. They were close despite their political differences, and they both shared a love for their country. Don't let our current situation separate your love for your fellow countrymen.",jm3s96,HekateDunamis,23,https://www.youtube.com/watch?v=s9Gx1N4VIu0
2020-11-01 15:00:08,'Never see me again'? What Donald Trump has said he'd do if he loses the election,jm3lct,ANTristotle,6,https://www.businessinsider.com/what-donald-trump-has-said-hed-do-if-loses-election-2020-10
2020-11-01 14:57:29,Fox's Wallace confronts Lewandowski on Trump-promoted COVID-10 death count conspiracy theory,jm3jqy,lucynyu13,61,https://thehill.com/homenews/sunday-talk-shows/523823-wallace-confronts-lewandowski-on-trump-doctor-conspiracy-theory
2020-11-01 14:54:56,Trump Closing With Breakneck Pace Of Lie Fests — Even Though They May Be Hurting,jm3i9a,moloko9,20,https://m.huffpost.com/us/entry/us_5f9de525c5b65662bcc7abec
2020-11-01 14:53:19,Ivanka Trump compares father to Churchill,jm3h9w,Pessimist2020,14,https://www.independent.co.uk/news/world/americas/ivanka-trump-donald-trump-united-states-president-winston-churchill-b1504114.html
2020-11-01 14:44:51,Trump Administration Funds Plasma Company Based In Owner's Condo,jm3d82,Pessimist2020,16,https://www.huffpost.com/entry/trump-plasma-rick-santorum_n_5f9ec0dbc5b616c2f315c92d
2020-11-01 14:42:18,"Majority trusts Biden on COVID, half say virus is out of control",jm3brc,yazansta,15,https://www.foxnews.com/politics/fox-news-poll-majority-trusts-biden-on-covid-half-say-virus-is-out-of-control
2020-11-01 14:39:35,Ivanka Trump compares father to Churchill,jm3a4o,K4lebBl4ck,88,https://www.independent.co.uk/news/world/americas/ivanka-trump-donald-trump-united-states-president-winston-churchill-b1504114.html
2020-11-01 14:35:51,Biden up by 10 points in new national poll,jm381a,lucynyu13,98,https://thehill.com/homenews/campaign/523822-biden-up-by-10-points-in-new-national-poll
2020-11-01 14:35:23,"GOP tries to save its Senate majority, with or without Trump",jm37ri,geoxol,43,https://apnews.com/article/election-2020-joe-biden-donald-trump-virus-outbreak-senate-elections-010ca2fc1b437eb4e0626e07108d2b71
2020-11-01 14:29:08,Dishonesty Has Defined the Trump Presidency. The Consequences Could Be Lasting.,jm340z,Facerealityalready,18,https://www.nytimes.com/2020/11/01/us/politics/trump-presidency-dishonesty.html
2020-11-01 14:26:37,CNN: Donald Trump deserves a second term,jm32ny,BigChungusDisease,18,https://www.cnn.com/2020/10/30/opinions/donald-trump-deserves-second-term-jennings/index.html
2020-11-01 14:22:37,Who Donald Trump is and what he’s done to us,jm30cs,chris-jjj,14,https://www.nydailynews.com/opinion/ny-oped-who-donald-trump-is-20201101-53he4rwesnewdpxs2rmjeky4ra-story.html
2020-11-01 14:21:56,The latest batch of swing state polls shows a healthy Biden lead,jm2zyw,puremotionyoga,45,https://www.vox.com/2020/11/1/21544267/trump-biden-polls-2020
2020-11-01 14:18:23,Final NYT poll before election shows Biden leading in 4 key swing states,jm2y19,Replay256,24,https://www.axios.com/final-polls-pennsylvania-wisconsin-arizona-florida-3b0eff5c-4ca6-4857-8f2b-9712bec64417.html
2020-11-01 14:05:36,"Trump campaign rallies led to more than 30,000 coronavirus cases, Stanford researchers say",jm2qz8,MonZero0,6,https://www.cnbc.com/2020/10/31/coronavirus-trump-campaign-rallies-led-to-30000-cases-stanford-researchers-say.html
2020-11-01 13:41:07,Trump admin. funds plasma company based in owner's condo,jm2e3c,rebelliousmuse,9,https://www.independent.co.uk/news/world/americas/us-politics/trump-admin-funds-plasma-company-based-in-owners-condo-rick-santorum-company-health-and-human-services-ap-government-b1504982.html
2020-11-01 13:38:29,Biden holds edge in four key battleground states: poll,jm2crx,rick9674,47,https://thehill.com/homenews/campaign-polls/523817-biden-holds-edge-in-four-key-battleground-states-poll
2020-11-01 13:33:47,'A whole lot of hurt': Fauci angers Trump White House with dark Covid outlook | World news,jm2ac5,K4lebBl4ck,12,https://www.theguardian.com/world/2020/nov/01/anthony-fauci-washington-post-covid-donald-trump
2020-11-01 13:33:07,The Swamp That Birthed Trump,jm2a0j,swingadmin,10,https://www.politico.com/news/magazine/2020/11/01/swamp-that-birthed-trump-433697
2020-11-01 13:07:00,Why Trump Can’t Afford to Lose,jm1xcg,trifecta,67,https://www.newyorker.com/magazine/2020/11/09/why-trump-cant-afford-to-lose?utm_social-type=owned&amp;utm_medium=social&amp;utm_source=twitter&amp;mbid=social_twitter&amp;utm_brand=tny
2020-11-01 12:25:34,Pollster who called 2016 for Trump says he'll win again,jm1f18,DonaldWillKillUsAll,7,https://edition.cnn.com/videos/tv/2020/10/31/the-outlier-pollster-who-called-2016-for-trump-says-hell-win-again.cnn
2020-11-01 11:51:34,Will America’s pro-Trump militias sow chaos in any post-election confusion?,jm10o7,Pessimist2020,197,https://www.independent.co.uk/voices/us-election-violence-riots-trump-far-right-militia-b1502497.html
2020-11-01 11:43:33,"Trump launches final, two-day frenzy of campaigning in bid for surprise win",jm0xlr,BigusDickusMaximus,24,https://uk.reuters.com/article/uk-usa-election/trump-launches-final-two-day-frenzy-of-campaigning-in-bid-for-surprise-win-idUKKBN27H12X?il=0
2020-11-01 11:37:20,What Will Happen to the Lawyers Who Aided and Abetted Donald Trump? The legal profession is supposed to have standards.,jm0v2f,armchairmegalomaniac,832,https://slate.com/news-and-politics/2020/11/lawyers-trump-big-law-return.html?via=taps_top
2020-11-01 11:34:19,What reckoning for Trump collaborators? None: The historical amnesia is already here,jm0tuq,moby323,12,https://www.salon.com/2020/11/01/what-reckoning-for-trump-collaborators-none-the-historical-amnesia-is-already-here/
2020-11-01 11:10:21,Trump Says He Will 'Cut Middle Class Taxes' as GOP Plans Increase Next Year,jm0knq,newnemo,549,https://www.newsweek.com/trump-cut-middle-class-taxes-gop-increase-next-year-1543832
2020-11-01 11:01:39,'Never see me again'? What Donald Trump has said he'd do if he loses the election,jm0hcv,Fr1sk3r,82,https://www.businessinsider.com.au/what-donald-trump-has-said-hed-do-if-loses-election-2020-10
2020-11-01 10:20:31,Trump Campaign Automatically Opts Donors Into Recurring Weekly Contributions,jm02zw,Fanrific,141,https://www.thedailybeast.com/trump-campaign-automatically-opts-donors-into-recurring-weekly-contributions
2020-11-01 10:18:24,Trump has a history of bullying in debates,jm02b7,Vonmighty,6,https://www.youtube.com/watch?v=s7gDXtRS0jo
2020-11-01 09:15:38,Trump makes final battleground blitz,jlzhmg,everythingoverrated,23,https://www.politico.com/news/2020/10/31/trump-final-battleground-visits-433772
2020-11-01 09:01:37,"Here's why, despite what polls say, Trump is winning",jlzcuv,FortyYearOldVirgin,6,https://www.desmoinesregister.com/story/opinion/columnists/iowa-view/2020/10/31/trump-winning-spite-polls-which-tell-incomplete-story/6103936002/
2020-11-01 08:49:14,Ice Cube on defending working with Trump campaign on 'Platinum Plan' for Black Americans,jlz8l1,BlueIce5,43,https://www.foxnews.com/transcript/ice-cube-on-defending-working-with-trump-campaign-on-platinum-plan-for-black-americans
2020-11-01 08:49:02,"Super-spreading Trump rallies led to more than 700 COVID-19 deaths, study estimates",jlz8iv,Shark_Bones,31,https://www.latimes.com/science/story/2020-10-31/super-spreading-trump-rallies-led-to-more-than-700-covid-19-deaths-study?_amp=true
2020-11-01 08:20:09,"Billboards Taunting Ivanka Trump, Jared Kushner Sail Down To Mar-a-Lago",jlyz6f,BumblesAZ,98,https://m.huffpost.com/us/entry/us_5f9df243c5b65662bcc7ae82
2020-11-01 07:50:33,Trump is a genius at distracting us from his deadly incompetence,jlypaf,Kunphen,61,https://bangordailynews.com/2020/06/01/opinion/contributors/trump-is-a-genius-at-distracting-us-from-his-deadly-incompetence/
2020-11-01 07:25:39,"Brash and pugnacious, Trump has presided over a tumultuous presidency",jlyh8b,Mail_boy123,6,https://www.reuters.com/article/us-usa-election-trump-profile-newsmaker/brash-and-pugnacious-trump-has-presided-over-a-tumultuous-presidency-idUSKBN27G0EK
2020-11-01 07:24:53,Ivanka Trump breaks Obama record on way to $35M-plus fundraising haul: reports,jlygyz,saigeco,31,https://www.foxnews.com/politics/ivanka-trump-breaks-obama-record-on-way-to-35m-plus-fundraising-haul-reports
2020-11-01 06:46:06,'Shoot your shot': Obama nails three-pointer while campaigning with Biden in Michigan',jly3i9,veganwarrrior,56,https://www.cnn.com/2020/10/31/politics/obama-basketball-video-michigan-campaign/index.html
2020-11-01 06:44:48,"Ivanka Trump declares position on abortion: 'I am pro-life, and unapologetically so'",jly32g,kevinbevindevin,82,https://thehill.com/homenews/administration/523560-ivanka-trump-on-abortion-i-am-pro-life-and-unapologetically-so?fbclid=IwAR1yWJq7yPcT2T8Pd3na68wYSvfeIm-QrDAS9QKp-WRhRkcdHuB7YhMp7Kg
2020-11-01 06:34:30,Trump declares 1 November to be ‘national day of remembrance for those killed by illegal aliens’,jlxz9q,PlanetoftheAtheists,14,https://www.independent.co.uk/news/world/americas/us-election-2020/trump-november-1-day-remembrance-killed-illegal-aliens-b1479852.html
2020-11-01 06:03:18,"Severed deer heads found near Black Lives Matter signs, Biden/Harris political sign",jlxnxp,NonsensicalNiftiness,183,https://katu.com/news/local/severed-deer-heads-found-near-black-lives-matter-signs-bidenharris-political-sign
2020-11-01 05:56:36,Florida maintains toss-up status while Biden leads slightly in Pennsylvania: POLL,jlxlda,lucia555,25,https://www.yahoo.com/gma/florida-maintains-toss-status-while-040000855.html
2020-11-01 05:07:51,"Here's why, despite what polls say, Trump is winning",jlx1tr,saigeco,114,https://www.desmoinesregister.com/story/opinion/columnists/iowa-view/2020/10/31/trump-winning-spite-polls-which-tell-incomplete-story/6103936002/
2020-11-01 05:07:32,"Unlawful Assembly Declared in Beverly Hills, Site of Pro-Trump Rally",jlx1nq,GlobalTravelR,61,https://www.nbclosangeles.com/news/local/nlawful-assembly-declared-in-beverly-hills-site-of-pro-trump-rally/2452648/
2020-11-01 04:36:09,Some Older Voters Shift to Biden in Florida. Will It Be Enough for Him?,jlwnvt,raptorfanboi,67,https://www.nytimes.com/2020/10/30/us/politics/florida-seniors-biden-trump.html
2020-11-01 04:33:28,Brain Freeze: Joe Biden Says Americans Have a Right to ‘Badakathcare’,jlwmo1,michealdown,62,https://www.breitbart.com/2020-election/2020/10/31/brain-freeze-joe-biden-says-americans-have-a-right-to-badakathcare/
2020-11-01 04:26:35,"Mexico protesters burn Trump effigy, slam U.S. border policy",jlwjst,ziamm,26,https://nationalpost.com/pmn/news-pmn/crime-pmn/mexico-protesters-burn-trump-effigy-slam-u-s-border-policy
2020-11-01 04:12:39,Post-ABC polls: Biden has slight lead in Pennsylvania; Florida a toss-up,jlwdpd,formeraide,77,https://www.washingtonpost.com/politics/2020/11/01/post-abc-polls-biden-has-slight-lead-pennsylvania-florida-toss-up/?arc404=true
2020-11-01 04:11:21,"Willie Brown: I've been listening to Black America, and Trump is done",jlwd3l,ErasmusJuice,43,http://www.sfchronicle.com/politics/article/Willie-Brown-I-ve-been-listening-to-Black-15689644.php
2020-11-01 04:07:32,Florida maintains toss-up status while Biden leads slightly in Pennsylvania,jlwbci,Dooraven,23,https://abcnews.go.com/Politics/florida-maintains-toss-status-biden-leads-slightly-pennsylvania/story?id=73930623
2020-11-01 04:02:42,Biden promises to 'shut down the virus' if elected,jlw90a,realplayer16,31,https://www.msnbc.com/msnbc/watch/biden-promises-to-shut-down-the-virus-if-elected-94942277643
2020-11-01 03:23:10,"Study: Trump rallies caused over 30,000 COVID-19 cases, likely led to 700 deaths",jlvqdc,throwjaway1234,65,https://www.pressherald.com/2020/10/31/study-trump-rallies-caused-over-30000-covid-19-cases-likely-led-to-700-deaths/
2020-11-01 03:13:49,New Jersey mayor says his Trump sign among dozens stolen,jlvm22,Brothanogood,19,https://thehill.com/homenews/state-watch/523758-new-jersey-mayor-says-his-trump-sign-among-dozens-stolen
2020-11-01 03:11:53,Trump supporters hold caravan parade in Raleigh,jlvl6a,Noisy_Toy,36,https://www.wral.com/trump-supporters-hold-caravan-parade-in-raleigh/19364389/
2020-11-01 02:57:54,Obama: Trump Failed To Take Pandemic And Presidency Seriously,jlvegy,Pessimist2020,26,https://www.huffpost.com/entry/obama-trump-failed-pandemic-michigan_n_5f9e1ae0c5b60eefc8536723
2020-11-01 02:46:19,Pollsters who predicted Trump win in 2016 predict he'll win 2020,jlv93m,Goober-J,17,https://www.politico.com/news/magazine/2020/10/29/2020-polls-trump-biden-prediction-accurate-2016-433619?cid=apn
2020-11-01 02:35:02,Trump baselessly claims doctors are inflating coronavirus death counts for money as cases again hit record levels,jlv3m6,toastmastersindef,7,https://edition.cnn.com/2020/10/30/politics/trump-doctors-covid/index.html
2020-11-01 02:22:07,Joe Biden gives Marine's mother command coin in viral video,jlux8l,realplayer16,167,https://www.newsweek.com/joe-biden-marine-command-coin-1543123
2020-11-01 01:53:09,Trump declares 1 November to be ‘national day of remembrance for those killed by illegal aliens’,jluinc,Amanita_ocreata,11,https://www.independent.co.uk/news/world/americas/us-election-2020/trump-november-1-day-remembrance-killed-illegal-aliens-b1479852.html
2020-11-01 01:51:47,"In Georgia, Trump may become a victim of his own realignment",jluhye,formeraide,10,https://www.washingtonpost.com/opinions/2020/10/31/georgia-trump-may-become-victim-his-own-realignment/?utm_campaign=wp_opinions&amp;utm_medium=social&amp;utm_source=twitter
2020-11-01 01:45:55,Analyst: 'Incredibly concerning' Trump touted SCOTUS election role,jluf23,TrumpSharted,51,https://www.cnn.com/videos/politics/2020/11/01/trump-campaign-rally-stop-pennsylvania-scotus-election-role-diaz-nr-vpx.cnn
2020-11-01 01:41:26,"Trailing in the polls, Trump enlists his administration and co-opts the government to bolster his reelection",jlucqe,TJ_SP,27,https://www.washingtonpost.com/politics/trump-election-ethics/2020/10/31/46fb0948-1b19-11eb-82db-60b15c874105_story.html
2020-11-01 01:12:09,Biden goes all in on rebuilding 'blue wall' in campaign's closing stretch,jltxwe,CrassostreaVirginica,9,https://www.cnn.com/2020/10/31/politics/joe-biden-blue-wall/index.html
2020-11-01 01:00:10,U.S. election: What a Trump re-election means for a democratic system already in decline,jltrfe,AceCombat9519,58,https://globalnews.ca/news/7426797/us-election-donald-trump-democratic-institutions/
2020-11-01 00:31:38,Stanford Study Seeks to Quantify Infections Stemming From Trump Rallies,jltcge,Reddit_guard,19,https://www.nytimes.com/2020/10/31/us/politics/stanford-study-infections-trump-rallies.html
2020-11-01 00:07:50,Analyst: 'Incredibly concerning' Trump would tout SCOTUS election role,jlsztt,goodvudu,27,https://www.youtube.com/watch?v=e0SRoPaA3UE&amp;feature=share
2020-11-01 00:07:23,Stanford Study Links Trump Rallies to 700 COVID-19 Deaths,jlszlc,granny_ew,30,https://www.thedailybeast.com/stanford-study-links-trump-rallies-to-700-covid-19-deaths?ref=wrap
2020-10-31 23:54:25,Donald Trump delivered on promises and gets results,jlss97,lmao____,81,https://www.washingtontimes.com/news/2020/oct/29/donald-trump-delivered-on-promises-and-gets-result/
2020-10-31 23:30:59,"'Trump Is Killing Americans': As US Cases Top 9 Million, Stanford Study Ties President's Rallies to Covid-19 Spread",jlsfnf,Facerealityalready,7,https://www.commondreams.org/news/2020/10/31/trump-killing-americans-us-cases-top-9-million-stanford-study-ties-presidents
2020-10-31 23:20:09,America will never heal until Donald Trump is held accountable,jls9qe,oysterboy9,1980,https://www.thestar.com/opinion/contributors/2020/10/31/america-will-never-heal-until-donald-trump-is-held-accountable.html
2020-10-31 23:17:52,"Trump holds a 'Make America Great Again Victory Rally' in Butler, Pennsylvania",jls8i7,DyTuKi,22,https://www.youtube.com/watch?v=V7qsm1hbi7Q
2020-10-31 23:11:02,"Donald Trump Signs Order to Protect Fracking, Oil and Gas Industries",jls4ut,funfryday,26,http://www.breitbart.com/politics/2020/10/31/donald-trump-signs-order-to-protect-fracking-oil-and-gas-industries/amp/
2020-10-31 23:01:57,The black community’s best chance may be four more years of Trump,jlrzmz,hjames9,49,https://nypost.com/2020/10/31/the-black-communitys-best-chance-may-be-four-more-years-of-trump/
