,author,supporter_of
0,yyungpiss,Biden
1,J_Class_Ford,Trump
2,cyanydeez,Biden
3,Tesides,Biden
4,smurfsundermybed,Trump
5,Searchlights,Biden
6,forumer101,Biden
7,radiofever,Trump
8,danielbot,Biden
9,HereForAnArgument,Biden
10,DribCC,Biden
11,ghintziest,Trump
12,veridique,Biden
13,000882622,Biden
14,uping1965,Biden
15,djheat,Biden
16,LockheedMartinLuther,Biden
17,bigturbine,Biden
18,gasahold,Biden
19,Braintendo,Biden
20,WittsandGrit,Biden
21,Vegetable_Employee,Trump
22,BroadAsparagus,Trump
23,4quatloos,Trump
24,_MentosTheFreshmaker,Biden
25,Limberine,Trump
26,Wattsferatu,Biden
27,Subliminal_Kiddo,Biden
28,FrigginTommyNoble,Trump
29,King_Mierdas,Biden
30,BlueSwoosh248,Trump
31,petrilstatusfull,Biden
32,WishOneStitch,Biden
33,hicow,Trump
34,Tigger_king,Trump
35,Moscowmitchismybitch,Biden
36,sthlmsoul,Trump
37,12characters,Trump
38,tuctrohs,Biden
39,skellener,Biden
40,trogdor1234,Biden
41,GhettoChemist,Trump
42,InsertCocktails,Biden
43,HelenHerriot,Biden
44,mrkramer1990,Trump
45,fence_sitter,Trump
46,ColemansMillions,Biden
47,Abs0lutE__zer0_,Biden
48,perspective2020,Biden
49,S28E01_The_Sequel,Trump
50,7daykatie,Biden
51,Meta_Digital,Trump
52,BuyNanoNotBitcoin,Biden
53,hawkseye17,Biden
54,supes1,Biden
55,Kay312010,Biden
56,kickstarterscience,Biden
57,sebb1976,Biden
58,The_Kraken_Wakes,Biden
59,sandysea420,Biden
60,BrownEggs93,Biden
61,ryuujinusa,Biden
62,Francois-C,Trump
63,Rmf16,Trump
64,EdwardNeegma,Biden
65,FUMFVR,Biden
66,hopeandanchor,Trump
67,FionnMacCoolie,Biden
68,brkello,Biden
69,smutketeer,Biden
70,7_stark,Trump
71,leavy23,Trump
72,jleonardbc,Trump
73,hamsterfolly,Trump
74,PickettsChargingPort,Biden
75,RedWindArt,Trump
76,LoPansBride,Biden
77,2020BillyJoel,Trump
78,diducthis,Trump
79,johnnybiggles,Biden
80,throwt4653656,Trump
81,-The_Machine,Biden
82,canuck47,Biden
83,AlbinoWino11,Biden
84,silentpr0fit,Trump
85,groundedstate,Biden
86,penguished,Biden
87,mces97,Trump
88,walkinman19,Biden
89,nomadofwaves,Trump
90,Circumin,Biden
91,Marsupial_Ape,Biden
92,fuzzycuffs,Biden
93,politicsreddit,Trump
94,SpaceAdventureCobraX,Biden
95,seriousbangs,Biden
96,30tpirks,Biden
97,shwarma_heaven,Biden
98,Traditional_Sink2934,Biden
99,habb,Biden
100,SpektrumKid,Trump
101,WestFast,Biden
102,joat2,Biden
103,vguy72,Trump
104,jeopardy987987,Biden
105,heathers1,Biden
106,AmishTechno,Biden
107,rabidstoat,Trump
108,outerworldLV,Biden
109,brasswirebrush,Biden
110,Quicklyquigly,Biden
111,upfromashes,Biden
112,RadBadTad,Biden
113,stevesfarm,Biden
114,snoogenfloop,Biden
115,restore_democracy,Trump
116,jedre,Biden
117,TRUMP_IN_PRISON,Biden
118,major-DUTCH-Schaefer,Biden
119,Funkamateur,Trump
120,Trygolds,Biden
121,silverback_79,Trump
122,nyybmw122,Biden
123,Schiffy94,Biden
124,2wedfgdfgfgfg,Trump
125,Knight_of_the_Lepus,Biden
126,nanaclifford,Biden
127,indefiniteness,Trump
128,Sariel007,Biden
129,LordSThor,Biden
130,jamesda123,Trump
131,BuckRowdy,Trump
132,BonusTurnip4Comrade,Biden
133,bantargetedads,Biden
134,elkab0ng,Trump
135,NoCarePandaBear,Biden
136,PaperbackBuddha,Trump
137,acityonthemoon,Biden
138,canuckcowgirl,Biden
139,TrumpDeathCult,Trump
140,idunmessedup,Biden
141,Shaggy1324,Biden
142,SpookyGeek,Biden
143,Ronv5151,Biden
144,bishpa,Trump
145,MrSergioMendoza,Trump
146,Skinnybet,Biden
147,celtic1888,Biden
148,slade1964,Biden
149,Growbigbuds,Biden
150,Brandeez0,Trump
151,exnhlr,Biden
152,walter1950,Biden
153,frumpbumble,Trump
154,i_ata_starfish-twice,Trump
155,Hiranonymous,Biden
156,Giles-TheLibrarian,Trump
157,Lizuka,Biden
158,thefugue,Biden
159,lukerawks,Biden
160,BraveSignal,Biden
161,pass-on-liberalism,Biden
162,Startug,Biden
163,smiler_g,Biden
164,Dano-D,Trump
165,OilfieldDrunk,Trump
166,x_______name,Biden
167,PDXGolem,Biden
168,FizzyBeverage,Biden
169,TUGrad,Biden
170,Windigo4,Trump
171,tender_hearted,Biden
172,wraithtek,Biden
173,Critical_Aspect,Biden
174,htomserveaux,Biden
175,ElolvastamEzt,Trump
176,MedicalJenkem,Trump
177,JohnDivney,Trump
178,fowlraul,Biden
179,TheGame81677,Biden
180,Erbedamart,Trump
181,kingsumo_1,Trump
182,oneyearandaday,Trump
183,AnotherDamnGlobeHead,Biden
184,Pats_fan_seeking_fi,Biden
185,prampsler,Biden
186,CankerLord,Biden
187,Spwazz,Trump
188,CarmenFandango,Biden
189,monkeywithgun,Biden
190,Ronfarber,Biden
191,mightyFoo,Biden
192,ronm4c,Biden
193,Robotuba,Biden
194,whenimmadrinkin,Biden
195,aquarain,Biden
196,CJKayak,Trump
197,cola1016,Biden
198,ILikeMyGrassBlue,Trump
199,Brad_tilf,Biden
200,CozyRainyDay,Biden
201,k393,Biden
202,Rated_PG-Squirteen,Trump
203,BOOFIN_FART_TRIANGLE,Biden
204,N0T8g81n,Trump
205,Twoweekswithpay,Biden
206,zubbs99,Biden
207,TrumpsterFire2019,Biden
208,segvcore,Biden
209,TruthSpeaker,Biden
210,jayfeather31,Biden
211,in-game_sext,Biden
212,kazejin05,Biden
213,papa_mike2,Trump
214,twixieshores,Biden
215,Vroom_Broom,Biden
216,Pm_me_yo_tiny_hands,Biden
217,medievalmachine,Biden
218,smilbandit,Trump
219,banacct54,Trump
220,Defacto_Champ,Biden
221,BillyNutBuster,Biden
222,Gallijl3,Biden
223,snootyvillager,Biden
224,greyvagabond,Biden
225,PixelMagic,Biden
226,getfuckedshill,Biden
227,ReturnOfDaSnack420,Biden
228,Etna_No_Pyroclast,Biden
229,hiker2021,Biden
230,HasntKilledMeYet,Trump
231,WaffleDynamics,Biden
232,PWEI,Biden
233,bailaoban,Trump
234,Spirited_Cheer,Biden
235,likeslivinglucid,Biden
236,RayMosch,Biden
237,scripthook,Biden
238,Mralfredmullaney,Biden
239,xTemporaneously,Biden
240,neverbetray,Biden
241,kdonirb,Biden
242,TAU_equals_2PI,Trump
243,BumblesAZ,Trump
244,Socketz11,Biden
245,undeniablybuddha,Trump
246,SSHeretic,Biden
247,OratioFidelis,Biden
248,NoDesinformatziya,Biden
249,ch3wbaccaraty,Biden
250,YstavKartoshka,Biden
251,Lovat69,Biden
252,brandanew,Biden
253,EmergencyExitSandman,Biden
254,the_red_scimitar,Trump
255,MrQuarterFootPenis,Biden
256,ShameNap,Trump
257,along_the_riverrun,Biden
258,Long_Before_Sunrise,Biden
259,Daikataro,Biden
260,The_Sausage_Smuggler,Trump
261,HumanKapital_,Biden
262,SilvarusLupus,Biden
263,7ddlysuns,Trump
264,DuvalHeart,Biden
265,WimpyLimpet,Trump
266,prguitarman,Trump
267,exwasstalking,Biden
268,code_monkee,Trump
269,binary_dysmorphia,Biden
270,Telemetrics277,Trump
271,namastayhom33,Trump
272,IrishJoe,Trump
273,mayhapsintellectual,Biden
274,ProfessionalTable_,Biden
275,win_the_dang_day,Biden
276,surfteacher1962,Biden
277,cepheus42,Trump
278,Squirrely__Dan,Trump
279,2_Spicy_2_Impeach,Biden
280,SamCarter_SGC,Trump
281,roughingupthesuspect,Biden
282,southpawFA,Biden
283,AwesomeBrainPowers,Biden
284,mtarascio,Trump
285,ganymede_boy,Biden
286,all4reddit,Biden
287,AlexTrebeksMoustach,Biden
288,ryhaltswhiskey,Trump
289,trudyscousin,Trump
290,UnknownAverage,Biden
291,what_would_freud_say,Biden
292,dhork,Biden
293,perennially_peculiar,Biden
294,Imyoteacher,Biden
295,KnightCreed13,Trump
296,superay007,Biden
297,GalacticScholar,Biden
298,dedicated-pedestrian,Trump
299,DawnSennin,Biden
300,DingDongDooDoo,Biden
301,appleparkfive,Trump
302,victorvictor1,Trump
303,jay105000,Biden
304,holmgangCore,Biden
305,PresidentBunkerBitch,Biden
306,gerailn,Biden
307,TjW0569,Biden
308,naliedel,Biden
309,adam_demamps_wingman,Trump
310,LucidLethargy,Biden
311,TheBirminghamBear,Biden
312,Girasol-de-Luna,Biden
313,Jangande,Biden
314,Dapple4321,Trump
315,Utterlybored,Biden
316,justcool87,Biden
317,OPengiun,Trump
318,saint-cecelia,Trump
319,SLCW718,Biden
320,ImInterested,Biden
321,jmatthews2088,Biden
322,BrownSugarBare,Biden
323,CoyoteConscious,Trump
324,formeraide,Biden
325,Emotional-Quit-438,Biden
326,Dogwise,Biden
327,diatomicsoda,Biden
328,throwaway_ghast,Biden
329,GaryBuseysGhost,Biden
330,Butwhatisitho,Biden
331,le672,Biden
332,CFofI,Trump
333,Vlad_the_Homeowner,Trump
334,bandit69,Biden
335,shinypennyonthefloor,Biden
336,goddamnzilla,Biden
337,restatementtorts,Biden
338,AskJayce,Biden
339,Nano_Burger,Biden
340,knappis,Trump
341,DonnyMox,Trump
342,notcaffeinefree,Trump
343,Throwawayunknown55,Biden
344,fxkatt,Biden
345,SocialIQof0,Trump
346,TowelCarryingTourist,Biden
347,MissEuphorbia,Biden
348,HellaTroi,Trump
349,ctz123,Trump
350,TATP1982,Biden
351,CreativeCarbon,Biden
352,sparklewaffles98,Biden
353,ThrowThemUnderTheBus,Biden
354,dremonearm,Biden
355,BlueFungus66,Biden
356,autotldr,Trump
357,operation_mindcrime,Biden
358,vote_ffs,Biden
359,CovidGR,Biden
360,FlatWoundStrings,Biden
361,GornaldKulmp,Biden
362,whiterac00n,Biden
363,Miss-Tiq,Biden
364,NotMarbles,Trump
365,callontoblerone,Biden
366,chrisakagatas,Biden
367,terminalxposure,Trump
368,_wok_lobster_,Biden
369,Thedizwiz,Trump
370,punchyouinthewiener,Biden
371,Das_Man,Biden
372,JesseRKnight,Biden
373,Dingus-ate-your-baby,Trump
374,EveryLastingGobstopp,Trump
375,redsandsfort,Biden
376,illjustputthisthere,Trump
377,HahaWeee,Trump
378,Significant_Beat_691,Biden
379,epowe1,Trump
380,heyjare,Trump
381,Regular-Menu-116,Trump
382,cyberst0rm,Biden
383,PaperyWhistle,Biden
384,Jump_Yossarian,Biden
385,runnyyolkpigeon,Biden
386,AFlockOfTySegalls,Biden
387,smoothtrip,Trump
388,AlienInTexas,Trump
389,adherentoftherepeted,Trump
390,spoobles,Biden
391,N7Greenfire,Biden
392,NeverLookBothWays,Biden
393,RudyColludiani,Biden
394,BitterFuture,Biden
395,Daisy_Doll85,Biden
396,LoveArguingPolitics,Biden
397,Jarodevansrollers,Biden
398,User767676,Biden
399,STAG_nation,Biden
400,doctor_piranha,Biden
401,BallsDeepState,Biden
402,Reddit_guard,Biden
403,BrofessorFarnsworth,Trump
404,froznwind,Trump
405,PandaMuffin1,Biden
406,survivor2bmaybe,Trump
407,ohnothejuiceisloose,Biden
408,mdmeyer910,Trump
409,sherbodude,Biden
410,TurningTwo,Biden
411,katieleehaw,Biden
412,Yousoggyyojimbo,Biden
413,backpackwayne,Biden
414,jimbo_throwaway77,Trump
415,LudovicoSpecs,Biden
416,damarshal01,Biden
417,I-Have-An-Alibi,Biden
418,OppositeDifference,Biden
419,IAmNotARussian_001,Trump
420,tbiedenkapp,Biden
421,ConsiderationThat648,Biden
422,tacotuesday247,Trump
423,bananafor,Biden
424,GhostFish,Biden
425,falkensgame,Trump
426,Snoo74401,Biden
427,Maxpowr9,Biden
428,PepeSylvia11,Biden
429,TurbulentMiddle2970,Biden
430,dankdooker,Trump
431,bickering_fool,Biden
432,vinsite,Biden
433,BlueMonkOne,Trump
434,AssCalloway,Biden
435,Mmhmmer,Biden
436,Christhephotographer,Biden
437,amus,Biden
438,AnalSoapOpera,Biden
439,Thisam,Biden
440,jeefray,Biden
441,pr1mer06,Trump
442,MijnnaamiFbeeFt,Biden
443,billthomson,Trump
444,MacNuggetts,Trump
445,srbesq61,Biden
446,Kaipulla007,Biden
447,PunisherASM129,Biden
448,WeedIronMoneyNTheUSA,Biden
449,ruiner8850,Trump
450,JohnMullowneyTax,Trump
451,Adnans_cell,Trump
452,Huge_Put8244,Biden
453,trycat,Biden
454,seeking_horizon,Biden
455,crowd79,Biden
456,Temporary-Outside-13,Biden
457,Duude_Hella,Trump
458,variouspiece,Biden
459,AlexKingstonsGigolo,Biden
460,AverageLiberalJoe,Trump
461,The_Ombudsman,Biden
462,MyPasswordIsMyCat,Trump
463,Shr3kk_Wpg,Biden
464,QuietudeOfHeart,Biden
465,NoAbsense,Biden
466,SpaceJesusIsHere,Biden
467,ianrl337,Biden
468,Hippey31,Biden
469,crooked-heart,Biden
470,Midnight-Diamond,Biden
471,fwubglubbel,Biden
472,BaconRoad,Biden
473,Comic4147,Trump
474,spamcubes,Biden
475,mdwstoned,Trump
476,beardednutgargler,Trump
477,TrumpUberAlles,Biden
478,kreesed90,Biden
479,DragonTHC,Biden
480,Jimbob0i0,Biden
481,SolarRage,Trump
482,ReflexImprov,Biden
483,Ceratisa,Biden
484,yetiwalker,Trump
485,Don_Quixote81,Biden
486,boot2skull,Trump
487,metengrinwi,Trump
488,ThrowawayVRV41264,Trump
489,amitym,Biden
490,sunset117,Biden
491,ObjectivelyMoral,Trump
492,aranasyn,Trump
493,realworldeditor,Biden
494,Careful_Trifle,Biden
495,supercali45,Biden
496,Dogzirra,Biden
497,WSL_subreddit_mod,Biden
498,DarkTechnocrat,Biden
499,AbundantFailure,Biden
500,Boleen,Biden
501,armchairmegalomaniac,Biden
502,agutema,Biden
503,Tots4trump,Trump
504,BloopityBlue,Biden
505,EnticingInsouciance,Biden
506,acmoder,Trump
507,valeyard89,Trump
508,use_datadumper,Trump
509,catgirl_apocalypse,Biden
510,jacquiett,Biden
511,scumsuckingsleazebag,Trump
512,iwalkthelonelyroads,Trump
513,pantograph,Biden
514,DadJokeBadJoke,Biden
515,rustyseapants,Biden
516,Bitey_the_Squirrel,Trump
517,Limp_Distribution,Biden
518,Hyperion1144,Biden
519,dannyk65,Biden
520,allenahansen,Trump
521,elt0p0,Biden
522,boomerghost,Biden
523,schu4KSU,Biden
524,BDRParty,Trump
525,ruler_gurl,Trump
526,Christian-Slayer,Biden
527,Ocerion,Trump
528,SaltHash,Biden
529,FinnbarSaunders,Trump
530,tekniklee,Biden
531,JVorhees,Trump
532,Reigncity2012,Trump
533,velveteenelahrairah,Trump
534,outweird_me,Biden
535,muscravageur,Biden
536,PearlLakes,Trump
537,Vladius28,Trump
538,spidersinterweb,Biden
539,Slapbox,Biden
540,tomdarch,Biden
541,RealBlondFakeDumb,Biden
542,BuriedByAnts,Biden
543,PM_PICS_OF_MANATEES,Biden
544,northstardim,Biden
545,Eeyores_Hemorrhoids,Trump
546,zehalper,Trump
547,CBD_Sasquatch,Trump
548,itsnotmyforte,Trump
549,Alexdoh,Biden
550,Polymathmagic,Biden
551,sarduchi,Biden
552,Nest-egg,Biden
553,sanash,Trump
554,CawoodsRadio,Biden
555,Sybil_et_al,Trump
556,HorseLooseInHospital,Trump
557,spuds1144,Biden
558,contemplative_potato,Biden
559,groot_liga,Biden
560,AngryTomJoad,Biden
561,Tigersharktopusdrago,Biden
562,Jehovid-19,Trump
563,Bagz402,Biden
564,Notoporoc,Biden
565,KingRichard278,Trump
566,YourMomAteMyDad,Trump
567,uberares,Biden
568,easyhare,Trump
569,oapster79,Biden
570,throwaway69lolzzz,Biden
571,plainlyput,Biden
572,gishbot1,Biden
573,80mtn,Biden
574,Plus-Conflict2,Biden
575,EvanescentProfits,Biden
576,me_bell,Biden
577,GadreelsSword,Biden
578,SeegsonSynthetics,Biden
579,NationalGeographics,Trump
580,HankVenturestein,Biden
581,vandercampers,Trump
582,Bournetru,Biden
583,SEA2COLA,Biden
584,LuvNMuny,Biden
585,Gambit08,Trump
586,LolAtAllOfThis,Biden
587,Dadaofkufsa,Biden
588,Bidetalltheway,Biden
589,bradley_j,Biden
590,PrincessLeiasCat,Biden
591,chrasb,Biden
592,NickNitro19,Trump
593,uscmacleod,Biden
594,st-mungos-rn,Biden
595,the-Tao-of-Burritos,Biden
596,Rowaneragon1,Biden
597,hildebrand_rarity,Biden
598,ImLikeReallySmart,Trump
599,msp3766,Biden
600,nx85,Biden
601,BeanyandCecil,Trump
602,wv524,Biden
603,HogPigman13,Biden
604,creosoteflower,Trump
605,TheDeadlySquid,Biden
606,TechyDad,Biden
607,TheBlackUnicorn,Biden
608,ScrappleSandwiches,Trump
609,shadowjacque,Biden
610,BoqueronesEnVinagre,Biden
611,yellowcloak,Biden
612,janjinx,Biden
613,johnny_soultrane,Biden
614,TonawandaBlue,Biden
615,McNuttyNutz,Biden
616,double-xor,Trump
617,Grunchlk,Biden
618,GranvilleOchoa,Biden
619,MC_Fap_Commander,Biden
620,ausernamez001,Biden
621,HallucinogenicFish,Trump
622,BongoSpank,Biden
623,Morbidly-Obese-Emu,Trump
624,Dempsey64,Biden
625,vverr,Biden
626,YakiVegas,Biden
627,Haggerstonian,Biden
628,thatnameagain,Biden
629,Sethmeisterg,Biden
630,powP0Wpow,Trump
631,ting_bu_dong,Biden
632,UnwashedApple,Biden
633,thesunscreen,Biden
634,politicalGuitarist,Biden
635,esavon,Trump
636,reftheloop,Biden
637,IrritableGourmet,Trump
638,ThereminLiesTheRub,Biden
639,TimTheLawAbider,Biden
640,Buck_Folton,Biden
641,ToadProphet,Biden
642,grixorbatz,Biden
643,Herecomestherain_,Trump
644,skyshooter22,Biden
645,Donaldtrumpsmushroom,Trump
646,123ilovelaughing123,Trump
647,Fat-Elvis,Trump
648,scope_creep,Trump
649,Bobby_Globule,Biden
650,BisquickNinja,Trump
651,wrldtrvlr3000,Trump
652,Holdem88,Biden
653,RobertBaisel,Biden
654,VyPR78,Biden
655,rickdavissrq,Biden
656,ayers711,Trump
657,RedditButDontGetIt,Biden
658,atred,Biden
659,noteveryagain,Biden
660,billsil,Biden
661,RLoge85,Biden
662,alvarezg,Biden
663,JohnStumpyPepys,Biden
664,MonicaZelensky,Biden
665,Rrrrandle,Trump
666,WippitGuud,Biden
667,Randy_Watson,Biden
668,elephantphallus,Biden
669,GrumpyOlBastard,Biden
670,OknowTheInane,Biden
671,Bloodyfish,Trump
672,Summer_Moon2,Trump
673,pluckflopboy,Biden
674,the_vig,Trump
675,x86_64Ubuntu,Biden
676,monsterman51,Biden
677,AusToddles,Biden
678,captaincanada84,Biden
679,espigle,Biden
680,gravi-tea,Trump
681,keyjan,Biden
682,StupidizeMe,Biden
683,Validus812,Trump
684,sombertimber,Biden
685,JeremyMo88,Trump
686,kontekisuto,Trump
687,ZippZappZippty,Biden
688,whogivesashirtdotca,Trump
689,Fred_Evil,Biden
690,NorthEastNobility,Trump
691,san_serifs,Biden
692,Lamont-Cranston,Trump
693,gozba,Trump
694,Nayre_Trawe,Trump
695,oldcreaker,Biden
696,hubert1504,Biden
697,Mestoph,Biden
698,brickne3,Biden
699,jimmygee2,Biden
700,Useless_bumbling_oaf,Biden
701,FruedanSlip,Trump
702,N3xrad,Biden
703,specqq,Biden
704,milqi,Biden
705,NoFascist,Biden
706,kimya_d,Trump
707,drvondoctor,Biden
708,TheOcean_TheBeast,Biden
709,viewfromearth,Trump
710,Swmando,Trump
711,8to24,Biden
712,EagleCatchingFish,Biden
713,PineMarte,Trump
714,Cdub7791,Biden
715,WhiteWolfofRivia0914,Biden
716,Carbonatite,Biden
717,trinquin,Biden
718,ewreytukikhuyt344,Trump
719,Genghis_Chong,Trump
720,TreasonousOrange,Trump
721,xeneize93,Biden
722,PuppyPavilion,Biden
723,TheNextBattalion,Trump
724,Malaix,Biden
725,Archenic,Biden
726,_yadayada,Biden
727,azestyenterprise,Trump
728,AggressiveSkywriting,Biden
729,fullforce098,Biden
730,-misanthroptimist,Biden
731,kestrel1000c,Biden
732,aslan_is_on_the_move,Biden
733,de34rfgt5,Biden
734,teutonicnight99,Biden
735,Scubalefty,Biden
736,Choco320,Biden
737,PrettyMuchAVegetable,Biden
738,01wax,Biden
739,NPVT,Biden
740,SeesHerFacesUnfurl,Biden
741,trippy1,Trump
742,PM_ME_A_RELATIONSHIP,Trump
743,i-can-sleep-for-days,Biden
744,DezV,Trump
745,mlc885,Trump
746,sanjsrik,Biden
747,INMATE_NUMBER_45343,Biden
748,RandomComputerFellow,Trump
749,nonsensicalcriticism,Biden
750,lmb34,Trump
751,jello3d,Biden
752,PapaSnork,Biden
753,Rexia,Trump
754,jest4fun,Trump
755,jp_books,Trump
756,MoveMitchGetOutDaWay,Biden
757,Englishfucker,Trump
758,LavisAlex,Biden
759,amesburyroos,Trump
760,Agnos,Trump
761,mknsky,Biden
762,oakstave,Biden
763,thicklyveiledthreat,Trump
764,BB_BlackSocks,Biden
765,Athrowawayinmay,Biden
766,SuspiciousSherbet4,Biden
767,UrRedCapIsOnTooTight,Biden
768,HyerStandards,Biden
769,ocams-razor,Trump
770,SassTheFash,Trump
771,OptimoussePrime,Biden
772,prodigalpariah,Biden
773,LPinTheD,Trump
774,PetGodzilla,Biden
775,ZestyMoose-250,Biden
776,Magic8BallResponse,Biden
777,BeatUpPoon,Biden
778,RSOwensDad,Biden
779,littlelupie,Biden
780,Barnabys_Choice,Trump
781,TheJaytrixReloaded,Trump
782,Summebride,Biden
783,Taman_Should,Trump
784,ioncloud9,Biden
785,redbrick5,Biden
786,_SCHULTZY_,Biden
787,damunzie,Biden
788,jeffinRTP,Trump
789,murl,Trump
790,EMPERORTRUMPTER,Biden
791,-Perspecta-,Biden
792,vaxick,Biden
793,Admirable_Nothing,Trump
794,Bobo_the_conqueror,Trump
795,thejuh,Trump
796,wonka5x,Trump
797,Actual__Wizard,Biden
798,kvossera,Biden
799,27SwingAndADrive,Biden
800,2731andold,Biden
801,copperwatt,Biden
802,Sickofitsickofitall,Trump
803,Palmquistador,Biden
804,PhilMcKracken23,Biden
805,Dingus_McCarthy,Biden
806,mowotlarx,Biden
807,tanribbon,Trump
808,SonWutRUdoin,Trump
809,jorlev,Trump
810,NineteenAD9,Biden
811,ShitLaMerde,Trump
812,cynycal,Trump
813,IrishGuyNYC00,Trump
814,Trumpdefmolestedkids,Trump
815,Impressive_Seaweed,Trump
816,Grogosh,Biden
817,Ice_tail,Biden
818,Agentkeenan78,Biden
819,GayForJamie,Biden
820,XLauncher,Trump
821,polkcat,Biden
822,_Captain_Canuck_,Trump
823,ice-cream20,Trump
824,formerfatboys,Trump
825,JeanLafitteTheSecond,Biden
826,DisownedByMother,Biden
827,spaceburner99,Biden
828,lowgskillet,Biden
829,zhaoz,Trump
830,doowgad1,Biden
831,pattyG80,Biden
832,CT_Phipps,Biden
833,HaloGuy381,Biden
834,---------_----_---_,Biden
835,0fiuco,Trump
836,rpgfool777,Biden
837,Batbuckleyourpants,Biden
838,kia75,Biden
839,whileoceaniasleeps,Biden
840,LegendaryWarriorPoet,Biden
841,Miaoxin,Biden
842,ClubSoda,Biden
843,Rawrsomesausage,Biden
844,GlobalTravelR,Biden
845,thataintrealbro,Biden
846,1000000students,Biden
847,Ddddydya,Biden
848,GFansThrowAway,Biden
849,historycat95,Trump
850,janzeera,Trump
851,jokerZwild,Biden
852,TimeMachineToaster,Biden
853,champdo,Trump
854,ofchiai,Biden
855,cerevant,Biden
856,g2g079,Trump
857,sadistic_tendencies,Biden
858,alliwantismepotogold,Biden
859,Ohjay420,Biden
860,TheRavingRaccoon,Trump
861,wubrotherno1,Trump
862,AcknowledgeableYuman,Biden
863,moby323,Trump
864,6Stringfinger,Biden
865,InternetArtisan,Trump
866,beepboopaltalt,Trump
867,DarrenEdwards,Biden
868,throwaway9274824,Trump
869,ThaNorth,Biden
870,Chuck_Foolery,Biden
871,Juan_Draper,Trump
872,Chuckox50,Biden
873,pegothejerk,Trump
874,slow_hoax,Biden
875,IamnotHorace,Biden
876,BringOn25A,Biden
877,twiztedt,Biden
878,sedatedlife,Biden
879,fivebillionproud,Trump
880,coffeespeaking,Trump
881,dos_passenger58,Biden
882,FriesWithThat,Trump
883,lefty_sockpuppet,Trump
884,TreyMysterioJr,Biden
885,wuwufluyou,Biden
886,mongtongbong,Biden
887,a_fuller,Biden
888,fstall303,Biden
889,Decent_Reflection_49,Trump
890,noonecares099,Biden
891,droids4evr,Trump
892,ScaredSquirrels,Biden
893,iLLicit__,Biden
894,Zhoenish,Biden
895,SubEyeRhyme,Trump
896,unbelizeable1,Biden
897,joeclark5,Biden
898,Old_School_New_Age,Trump
899,11thstalley,Biden
900,Northman324,Trump
901,HawkeyeFLA,Trump
902,A7anXious,Trump
903,-Listening,Trump
904,el-dudeariono,Biden
905,darena,Trump
906,pdxracer5,Biden
907,Finito-1994,Biden
908,DweEbLez0,Biden
909,ILoveRegenHealth,Biden
910,Cocobird1607,Trump
911,dokikod,Trump
912,Coyote65,Biden
913,turdfergusonyea2,Trump
914,lHelpWithTheLogic,Trump
915,Ms-Mode,Biden
916,sadistic_cat,Biden
917,Tiny_Rick_C137,Trump
918,jimmydean885,Trump
919,sniffles11,Biden
920,BabyYodaX,Biden
921,Kevombat,Biden
922,BUTTERY_MALES,Biden
923,Donigula,Biden
924,PM_Me_Irelias_Hands,Trump
925,masterofswag114,Biden
926,permalink_save,Trump
927,Ouijadasi,Biden
928,font9a,Biden
929,markca,Biden
930,nnomadic,Biden
931,archipenko,Biden
932,M00n,Biden
933,bro_please,Biden
934,Unlucky_Clover,Biden
935,TheeHeadAche,Trump
936,peter-doubt,Biden
937,National_Dependent,Trump
938,Gooch222,Biden
939,Groomsi,Trump
940,dshakir,Biden
941,thebochman,Trump
942,brownian_motions,Biden
943,writtenfrommyphone9,Biden
944,teh-reflex,Biden
945,I_RLY_DONT_CARE_DO_U,Biden
946,soline,Trump
947,CM_Dugan,Trump
948,WrongSubreddit,Biden
949,disguisingpoem,Trump
950,I_make_things,Trump
951,glibgloby,Trump
952,SheriffComey,Biden
953,dementorpoop,Biden
954,AimlesslyCheesy,Trump
955,HelpersWannaHelp,Biden
956,VanceKelley,Biden
957,ignorememe,Trump
958,jCervin,Biden
959,mp1514,Biden
960,nativedutch,Biden
961,Wolfgang_Abendroth,Biden
962,LHolm39,Trump
963,Schmokes-McPots,Trump
964,YURKE,Biden
965,accountabilitycounts,Trump
966,newtomtl83,Biden
967,morpheousmarty,Biden
968,tossme68,Biden
969,-poop-in-the-soup-,Trump
970,mattjf22,Trump
971,CMDR_KingErvin,Biden
972,JaxxonJaymes,Biden
973,UnpopularOpinionAlt,Trump
974,Donald_J_Putin,Biden
975,OldBoots,Trump
976,rumpletiltspins,Biden
977,1000thusername,Trump
978,Scarlettail,Biden
979,Peekman,Trump
980,DeviRobinette,Biden
981,PopcornInMyTeeth,Biden
982,EpicAftertaste,Biden
983,oldcrowmedicine,Biden
984,PainfulPeanutBlender,Biden
985,edkamar,Trump
986,chulala168,Biden
987,purplebrown_updown,Biden
988,BigDaddyCoolDeisel,Biden
989,Thanmandrathor,Biden
990,reddit_1999,Biden
991,AZWxMan,Biden
992,west2night,Biden
993,samfreez,Biden
994,cosmos_jm,Biden
995,Facerealityalready,Biden
996,jpatricks,Biden
997,flyover_liberal,Biden
998,Danielle082,Biden
999,captainamrika117,Trump
1000,lilrabbitfoofoo,Biden
1001,hasa_deega_eebowai,Biden
1002,okram2k,Biden
1003,VaguelyArtistic,Trump
1004,dusty_relic,Trump
1005,xxxxx420xxxxx,Biden
1006,sanantoniosaucier,Biden
1007,bab1a94b-e8cd-49de-9,Trump
1008,Sim888,Trump
1009,zigazigazah,Biden
1010,EldritchCanal,Trump
1011,InclementImmigrant,Biden
1012,tiger_boi,Biden
1013,Tedstor,Trump
1014,quitofilms,Trump
1015,Roddra,Biden
1016,h2oape,Trump
1017,45sMassiveProlapse,Biden
1018,SnooPredictions3113,Biden
1019,NarwhalsAndBacon,Biden
1020,CatBitchFatBitch,Biden
1021,Daggywaggy1,Biden
1022,EridanusVoid,Trump
1023,rocksfly,Biden
1024,jimbo92107,Trump
1025,FingFrenchy,Biden
1026,somethingbreadbears,Trump
1027,Misommar1246,Biden
1028,Whatthefucksupdennys,Biden
1029,BFFR20,Trump
1030,s_wisch,Biden
1031,ScotTheDuck,Trump
1032,peraspera441,Trump
1033,lrw_4070,Biden
1034,ChiGuy6124,Biden
1035,SilentR0b,Biden
1036,hskfmn,Biden
1037,koshgeo,Trump
1038,Magnesus,Biden
1039,CaptNemo131,Trump
1040,BarryBavarian,Biden
1041,Succulentmeditator,Biden
1042,MulhollandMaster121,Biden
1043,Melicor,Biden
1044,TheNightBench,Trump
1045,Snoo55449,Trump
1046,thebullofthemorning,Trump
1047,buttergun,Trump
1048,NerdAtSea,Trump
1049,AgreeableIssue,Biden
1050,barneyrubbble,Biden
1051,matchosan,Biden
1052,Diegobyte,Biden
1053,Enjolras55,Biden
1054,slut_trek,Trump
1055,MattScoot,Biden
1056,ResplendentShade,Biden
1057,Warhawk137,Trump
1058,Techienickie,Biden
1059,Joshua-Shea,Biden
1060,HulkScreamAIDS,Trump
1061,2_Sheds_Jackson,Trump
1062,serpentear,Biden
1063,mygreyhoundisadonut,Biden
1064,YgramulTheMany,Biden
1065,hunter15991,Biden
1066,sanitysepilogue,Biden
1067,Organic_Cloud,Biden
1068,drowningfish,Trump
1069,nonamenolastname,Biden
1070,Rhaedas,Trump
1071,Oscarfan,Trump
1072,goldbricker83,Trump
1073,GeddyVedder,Trump
1074,Bullmoosefuture,Biden
1075,Ghstfce,Trump
1076,heheboosh,Trump
1077,Wh00ster,Trump
1078,LadyLovesRoses,Trump
1079,Agolf_Lincler,Biden
1080,ways_and_means,Trump
1081,ChevyT1996,Biden
1082,Hot-Pretzel,Biden
1083,Kahzgul,Biden
1084,BitBozo,Trump
1085,SockPuppet-57,Trump
1086,MostManufacturer7,Trump
1087,Deliximus,Biden
1088,pinkjunglegym,Biden
1089,The_King_In_Jello,Trump
1090,waidt99,Trump
1091,SublimeEntity,Biden
1092,caringcaribou,Trump
1093,judgerer,Trump
1094,UWCG,Trump
1095,sirlearnzalot,Trump
1096,FrankCannonJuly10,Biden
1097,samalamadewgong,Biden
1098,Giraffebattery,Biden
1099,routerg0d,Trump
1100,Yawgmoth13,Biden
1101,The_Bravinator,Biden
1102,pushpin,Biden
1103,BlankNothingNoDoer,Trump
1104,Noisy_Toy,Trump
1105,noparkingafter7pm,Trump
1106,Danominator,Biden
1107,BruisedPurple,Trump
1108,Tonychaudhry,Trump
1109,Red-Direct-Dad,Biden
1110,AlternativeSuccotash,Biden
1111,BaiseurDeChatte,Biden
1112,OneWinkingBro,Biden
1113,biggoof,Biden
1114,hwkns,Biden
1115,Lordofthe7thplanet,Biden
1116,phxees,Biden
1117,Cassanunda_3foot6,Biden
1118,Tempest-in-a-B-Cup,Biden
1119,bangorbunyan,Biden
1120,TheJokerandTheKief,Trump
1121,burlybuhda,Trump
1122,overtoosoon,Trump
1123,Moe__Ron,Trump
1124,Luciaka,Trump
1125,FishSpeaker_Sheeana,Trump
1126,doc_daneeka,Trump
1127,DangerBay2015,Biden
1128,Belloyne,Biden
1129,AuntTiffa,Trump
1130,twwilde,Trump
1131,GhostOfEdAsner,Biden
1132,Casperboy68,Trump
1133,51psi,Biden
1134,daintynira,Biden
1135,skibityboo,Trump
1136,Slaware,Biden
1137,pudintame33,Biden
1138,Stigmetal110,Biden
1139,gjklv,Trump
1140,5DollarHitJob,Trump
1141,JBredditaccount,Biden
1142,QG24,Trump
1143,clover_408,Biden
1144,twenty7forty2,Biden
1145,DoggyFord,Biden
1146,corey_m_snow,Trump
1147,MaximumEffort433,Trump
1148,KeepFaithOutPolitics,Biden
1149,IzzyHuman,Biden
1150,IsThereSomethingNew,Biden
1151,rutabagasassafras,Biden
1152,Here4TheC00kies,Biden
1153,ReptilicansWH,Biden
1154,FoxRaptix,Trump
1155,mnorthwood13,Biden
1156,Barack_Odrama00,Biden
1157,lowowls,Biden
1158,Neverwherehere,Biden
1159,Hyperdecanted,Biden
1160,donerwth,Biden
1161,ScroogeMcDrumf,Biden
1162,stephensmg,Biden
1163,3rdPlaceYoureFired,Biden
1164,Darcy__OQueef,Trump
1165,whatproblems,Trump
1166,ZappyHeart,Biden
1167,abq212,Trump
1168,NikkiSharpe,Biden
1169,DaoFerret,Biden
1170,hifeyokidshideyowifi,Trump
1171,Sagebrush-1138,Biden
1172,HersheyHartshe,Biden
1173,playitleo,Trump
1174,Nofuckenwaydude,Biden
1175,trumpsiranwar,Biden
1176,ChimpanzeeJebus,Biden
1177,LilaValentine,Trump
1178,Phonemonkey2500,Biden
1179,BrochureJesus,Trump
1180,redwineandbeer,Trump
1181,Flappityassfwap,Biden
1182,Shezamarama,Trump
1183,MashedPeas,Biden
1184,TelemetryGeo,Biden
1185,tbizzone,Biden
1186,dtxucker,Biden
1187,IrisMoroc,Trump
1188,slim_scsi,Trump
1189,chubbysumo,Biden
1190,Loose_with_the_truth,Biden
1191,Sir_Francis_Burton,Trump
1192,agentup,Biden
1193,Hoskerdude,Biden
1194,third_attempt,Biden
1195,TheFishSeattle,Biden
1196,code_archeologist,Biden
1197,Rex_Scorpio,Biden
1198,julbull73,Trump
1199,JJDude,Biden
1200,AccidentalBeans,Biden
1201,Hoobs88,Biden
1202,braxistExtremist,Biden
1203,yhwhx,Trump
1204,Bobby_Marks2,Trump
1205,Trump4Jail2020,Biden
1206,Renorico,Biden
1207,CynicalRealist1,Biden
1208,danknerd,Biden
1209,sistahmaryelefante,Trump
1210,postsshortcomments,Biden
1211,MrSelfDestruct32,Biden
1212,Onemorgoagain,Biden
1213,JitWeasel,Biden
1214,RaiderRaiderBravo,Biden
1215,allonzeeLV,Biden
1216,PM_ME_UR_FLOWERS,Trump
1217,jimmycarr1,Trump
1218,CrunchyDreads,Biden
1219,LessWorseMoreBad,Biden
1220,FrodoMoji,Biden
1221,Initial-Tangerine,Biden
1222,shadowoperative,Biden
1223,ziamm,Biden
1224,xCloudzero,Biden
1225,timpa48,Biden
1226,crudedrawer,Biden
1227,CrizzyBill,Biden
1228,LovesToLoveLove,Biden
1229,Yetanotheruser2770,Biden
1230,cifcd,Biden
1231,Best-Bottle4923,Biden
1232,CockLockDrop,Biden
1233,disasterbot,Biden
1234,Sparpon,Trump
1235,TheBlueRabbit11,Biden
1236,Jaquezee,Trump
1237,PearljamAndEarl,Trump
1238,IrrationalExpression,Trump
1239,Same_Professional_11,Trump
1240,uknowitstrue,Biden
1241,prototype7,Biden
1242,notrexhudler,Biden
1243,cyclemonster,Trump
1244,RSSforTulsi,Trump
1245,HostFreaves,Trump
1246,NlightenedSelfIntrst,Trump
1247,kenman345,Trump
1248,TheAsgard,Trump
1249,typeof_NaN_is_Num,Trump
1250,NarwhalStreet,Biden
1251,DaBingeGirl,Biden
1252,Doctor_Disco_,Trump
1253,asensia,Biden
1254,SeenItAllHeardItAll,Biden
1255,petepostlethwaite,Biden
1256,tickitytalk,Biden
1257,Roseking,Trump
1258,ZookeepergameMost100,Biden
1259,MutherRudd,Biden
1260,xBleedingBluex,Biden
1261,PresentlyInThePast,Biden
1262,OldManWisdom3,Biden
1263,testspecimen85,Trump
1264,kekekabic,Biden
1265,HorrorScopeZ,Trump
1266,PrincessToadTool,Trump
1267,KimbyJoy,Trump
1268,lasers42,Trump
1269,Manfred-V-Carstein,Biden
1270,Xq10z,Trump
1271,FSMFan_2pt0,Biden
1272,Night_Owl74,Biden
1273,Danysco,Trump
1274,McNam77,Trump
1275,strangefamilytheoawa,Trump
1276,dancersinthehallway,Biden
1277,lex99,Trump
1278,Year3030,Biden
1279,msalerno1965,Trump
1280,impulsekash,Biden
1281,TheLostArchosaur,Biden
1282,wtfwasdat,Trump
1283,thedoughnutsayshello,Trump
1284,geneticgrool,Biden
1285,preciousillusion,Biden
1286,PoliticalPleionosis,Biden
1287,Izzo,Biden
1288,2HandedMonster,Trump
1289,PreetHarHarah,Trump
1290,ironmanwatcher2,Biden
1291,mascaraforever,Biden
1292,fromcj,Trump
1293,I_VM,Biden
1294,mountainOlard,Trump
1295,YQG,Biden
1296,Memetic1,Trump
1297,Fart_stew,Biden
1298,surprisesugarfree,Trump
1299,jmoorh9302,Biden
1300,End3rWi99in,Trump
1301,CaptainNoBoat,Trump
1302,VeganSlayer,Trump
1303,abe_froman_skc,Biden
1304,hooch,Biden
1305,deraser,Trump
1306,deathtotheemperor,Trump
1307,Plantsandanger,Biden
1308,cavmax,Biden
1309,DoohickeyJones,Trump
1310,RIP_GOP_4EVER,Biden
1311,not_good_dragon,Trump
1312,ImMethuselah,Biden
1313,ShraderBrew,Trump
1314,Shalamarr,Biden
1315,bubaphets,Trump
1316,Samurai_gaijin,Biden
1317,salondesert,Trump
1318,Rollingstart45,Biden
1319,friz_lite,Biden
1320,Uberslaughter,Biden
1321,old_ironlungz,Biden
1322,maybenextyearCLE,Biden
1323,BrianFinerty,Biden
1324,SenorBurns,Biden
1325,yaitstone,Trump
1326,PrincipleLegal921,Trump
1327,Cycad,Trump
1328,jcooli09,Biden
1329,Plow_King,Trump
1330,ClintGreasewood,Biden
1331,dimechimes,Trump
1332,radical_differential,Biden
1333,VillhelmSupreme,Trump
1334,Macroderma-Gigas,Trump
1335,KamalaHarris46,Trump
1336,Funsuxxor,Trump
1337,LaserGuidedPolarBear,Biden
1338,KettlebellSlut,Biden
1339,Silly-Power,Trump
1340,dixie12oz,Biden
1341,statclash420D,Biden
1342,Archivist_of_Lewds,Biden
1343,CrazFight,Biden
1344,SidHoffman,Trump
1345,YerProbablyAnIdiot,Trump
1346,kevonicus,Biden
1347,SplendidAndVile,Biden
1348,Koalemos78,Trump
1349,SNaCKPaCK816,Biden
1350,mobilities,Biden
1351,Illuminated12,Trump
1352,Redscoped,Trump
1353,ferociouswhimper,Trump
1354,TrumpGUILTY,Biden
1355,WallyMcBeetus,Trump
1356,cloistered_around,Trump
1357,Karmakazee,Biden
1358,Hiccup,Biden
1359,Warrenwelder,Biden
1360,deVichiers_W1b,Biden
1361,Stockpile_Tom_Remake,Biden
1362,chrisninetyfive,Trump
1363,ColonelBy,Biden
1364,LurkerNinetyFive,Trump
1365,Hua89,Biden
1366,Trump_Is_The_Swamp,Biden
1367,freedom_from_factism,Trump
1368,NOVAQIX,Biden
1369,Rick_James_Lich,Biden
1370,Best-Choice-1971,Biden
1371,NicoJuicy,Trump
1372,Ow_wow,Trump
1373,OGknowsbest,Biden
1374,Za_Lords_Guard,Trump
1375,shittyBOXER,Biden
1376,KyOatey,Trump
1377,CaptainJackSorrow,Biden
1378,fscottnaruto,Biden
1379,gfh110,Biden
1380,TurkeysInTheRain,Biden
1381,justeandj,Biden
1382,Dazzling-Finger7576,Trump
1383,Ok_Doubt_9525,Biden
1384,Shift84,Biden
1385,myrddyna,Biden
1386,sarcasticfuc,Trump
1387,jonsnowme,Biden
1388,strahlungsfluss,Trump
1389,Ofbearsandmen,Biden
1390,Ohiobluedog,Biden
1391,heartjodiecomer,Biden
1392,Blacksheepboy4,Trump
1393,MrsMI1UCAN2,Biden
1394,Im_PeterPauls_Mary,Biden
1395,70ms,Trump
1396,big_blue520,Biden
1397,nr1988,Trump
1398,tulip369,Biden
1399,Oreolover1907,Trump
1400,mr_plehbody,Trump
1401,whichwitch9,Biden
1402,Stennick,Biden
1403,Warglebargle2077,Biden
1404,blong217,Biden
1405,Donny_Krugerson,Biden
1406,Grover_washington_jr,Biden
1407,Donnieforprison2020-,Trump
1408,ElectricalBunny3,Biden
1409,maybe-fuck-you,Biden
1410,BLiIxy,Trump
1411,coeurdeviolet,Biden
1412,ImportanceUpbeat9033,Trump
1413,lizzy_zig,Biden
1414,waupli,Biden
1415,KevinadianBacon,Biden
1416,Animecat365,Biden
1417,kneeco28,Biden
1418,DJT4Prison,Trump
1419,janegough,Biden
1420,SneakerPimpJesus,Biden
1421,cosmicragdoll,Trump
1422,EquinoxxAngel,Trump
1423,eigenman,Biden
1424,arbitrosse,Trump
1425,Aluminum_Falcons,Trump
1426,TracyMorganFreeman,Biden
1427,CrazyCatLadyBoy,Biden
1428,Irish_Whiskey,Biden
1429,space_coyote6,Biden
1430,klinkthecolonel,Biden
1431,Itsprobablysarcasm,Biden
1432,Erock11,Biden
1433,IvankaPegsDaddy,Biden
1434,ButTheyWereSILENT,Trump
1435,RottedFutures,Trump
1436,AlariLeanbow,Trump
1437,Timbershoe,Biden
1438,njunear,Trump
1439,Tragedy--ForYou--,Trump
1440,acsie,Biden
1441,EHorstmann,Biden
1442,Reepworks,Biden
1443,AnUnfitHat,Biden
1444,oftloghands,Biden
1445,Blacklight_Fever,Trump
1446,higher_and_higher_,Biden
1447,Admirable_Ferret,Biden
1448,gearpad,Trump
1449,CrackedAbyss,Trump
1450,DonnieMostDefinitely,Biden
1451,beachpies,Biden
1452,Sissy63,Biden
1453,_breadmonster,Trump
1454,TheBigPhilbowski,Biden
1455,SlightlyKarlax,Trump
1456,sacdecorsair,Biden
1457,dylan2451,Trump
1458,MBAMBA3,Biden
1459,celestialwaffle,Biden
1460,Karmah0lic,Biden
1461,Parliament_restrtoom,Biden
1462,JagmeetSingh2,Biden
1463,PPs_Up_Boys,Biden
1464,democacydiesinashark,Biden
1465,AmericasComic,Trump
1466,TwistedGrannyPanties,Trump
1467,Happyandyou,Biden
1468,all5wereRepublicans,Biden
1469,ESF-hockeeyyy,Trump
1470,kyoto_magic,Trump
1471,alrightthenokay,Biden
1472,RedHatsRFascist,Trump
1473,IsOughtDistinction,Trump
1474,CreepingTurnip,Trump
1475,acuntex,Trump
1476,PutAwayYourLaughter,Biden
1477,UnitedByClass,Biden
1478,gary-youngman,Trump
1479,does_taxes,Trump
1480,need_to_know29,Biden
1481,arkansalsa,Biden
1482,MTDreams123,Biden
1483,fundroppp8242,Biden
1484,eaterofw0r1ds,Biden
1485,-poogle-,Biden
1486,LoneNoiseTA,Biden
1487,MadJeffersonian,Biden
1488,liberate_tutemet,Biden
1489,Blanchypants,Trump
1490,bmanCO,Biden
1491,chickenery,Biden
1492,Sn1pe,Trump
1493,potatoscallop123,Trump
1494,Abaddon_X,Biden
1495,Eggsegret,Biden
1496,Amartist19,Biden
1497,CapnTugg,Biden
1498,Graphics_Nerd,Biden
1499,Joharis-JYI,Trump
1500,othybear,Trump
1501,WalesIsForTheWhales,Biden
1502,grrrrreat,Trump
1503,Onikojima,Biden
1504,rp_361,Trump
1505,wayoverpaid,Biden
1506,turboPocky,Trump
1507,_far-seeker_,Biden
1508,songintherain,Trump
1509,KirbyKrackled,Trump
1510,sofrigginartsy,Biden
1511,carpenter1965,Biden
1512,rentoq,Biden
1513,badmiller,Biden
1514,crymydia,Biden
1515,TheyBanEveryone,Trump
1516,thisjobisgonnakillme,Trump
1517,raistlin65,Trump
1518,Shit-sandwich-,Trump
1519,tylerbrainerd,Trump
1520,IlliniBull,Biden
1521,Yorkvilleto,Biden
1522,UnidentifiedGif,Trump
1523,colon_kraperdick,Trump
1524,BadAttitude9,Biden
1525,aboynamedbluetoo,Biden
1526,Various-Substance-96,Biden
1527,cryptic2323,Trump
1528,ThatGoddamnLeftist,Biden
1529,mokango,Trump
1530,FriarNurgle,Biden
1531,maywellbe,Biden
1532,garandx,Biden
1533,st-john-mollusc,Biden
1534,ToastSandwichSucks,Trump
1535,amilo111,Trump
1536,Observore,Biden
1537,WinstonSmith5984,Biden
1538,TeePeeBee3,Trump
1539,No-Application-3259,Biden
1540,schistkicker,Trump
1541,Virgil_Tracey,Biden
1542,2rio2,Biden
1543,beaucephus,Biden
1544,IncitingViolinz,Biden
1545,DeadSalas,Trump
1546,InnerComfortable2,Trump
1547,Prof_Insultant,Biden
1548,Toadfinger,Biden
1549,kescusay,Biden
1550,Comprehensive-Fig907,Biden
1551,hanerd825,Trump
1552,galifanasana,Trump
1553,Arsenic_Touch,Biden
1554,CantBanMeFastEnough,Trump
1555,paulsmt,Biden
1556,erinskull,Biden
1557,moonseeker01,Biden
1558,HouseMan79,Biden
1559,SaintsThemeMM,Biden
1560,-Antifascist,Biden
1561,PeterP211,Trump
1562,sweensolo,Trump
1563,triplechuckls,Biden
1564,LitheOJ,Biden
1565,absotivelynotme,Biden
1566,philsabuster,Trump
1567,Lookout-pillbilly,Trump
1568,FordMan100,Biden
1569,hamberdler,Biden
1570,ivereadthings,Biden
1571,DingDongsEverywhere,Trump
1572,makldiz,Biden
1573,YouAreDreaming,Trump
1574,verothon,Biden
1575,Infernalism,Biden
1576,dc912,Biden
1577,DaveDangers,Biden
1578,freddyjohnson,Biden
1579,Kelle_has_the_Yips,Trump
1580,soulessurviver,Biden
1581,dextersgold,Biden
1582,RedFash888,Trump
1583,NukeRedditMods,Biden
1584,Gutenborg,Trump
1585,BannedForHyperbole,Biden
1586,canikissyourshoulder,Biden
1587,FollowYourSpleen,Trump
1588,piecemealdullard,Biden
1589,IMissMyFreedoms,Biden
1590,pinkfloppyhat,Biden
1591,hearsecloth,Biden
1592,yahitsasecret,Biden
1593,Tsukikishi,Trump
1594,Food-and-Wine,Trump
1595,PoliticsSayWhat,Biden
1596,Uli_The_Nihilist,Biden
1597,RunawayMeatstick,Biden
1598,treehousebk,Biden
1599,AlladinInsane,Biden
1600,sinister_gay_cabal,Trump
1601,PEquestions,Trump
1602,TheFlyingPlumbus,Biden
1603,Sketchy_Life_Choices,Trump
1604,hihowareyou2020,Trump
1605,Vegeta9001,Biden
1606,Pippadance,Trump
1607,uncle_feather,Trump
1608,xavier_laflamme70,Trump
1609,drummerboye,Biden
1610,trumpisagigafraud,Biden
1611,RazarTuk,Trump
1612,LeopardsAteTheMods,Biden
1613,GhostOfSushi,Trump
1614,mynewaccount22,Biden
1615,Brisbane32,Biden
1616,G00dcoffee,Biden
1617,K4lebBl4ck,Biden
1618,Q0ANN,Biden
1619,sagan_drinks_cosmos,Biden
1620,BidenMobile,Biden
1621,unsureofwhatiwant,Biden
1622,ssldvr,Biden
1623,VeryOriginalName98,Biden
1624,BigStinkyBaIIs,Biden
1625,19683dw,Biden
1626,GetgleIndiaOfficial,Biden
1627,ThlaspiArvense,Trump
1628,Kikiboo,Trump
1629,bbjenn,Biden
1630,leonsugarfoot,Biden
1631,Jiltedjohn,Biden
1632,Geodestamp,Trump
1633,xtow2,Trump
1634,filmfan10,Biden
1635,itsallpoliticsalex,Biden
1636,haunthorror,Biden
1637,mrsunshine1,Trump
1638,president_dump,Biden
1639,FatPoser,Trump
1640,TheGreatGregster,Biden
1641,jar45,Trump
1642,Lmnoptapes,Trump
1643,BunsMcCheeks,Biden
1644,wryan12,Trump
1645,funk_addict,Trump
1646,RogerBauman,Trump
1647,danarexasaurus,Biden
1648,hoosakiwi,Trump
1649,xjayroox,Trump
1650,pRp666,Trump
1651,acetigress,Biden
1652,handymang420,Biden
1653,Red_V_Standing_By,Trump
1654,Poet_Lower,Trump
1655,LillyPip,Trump
1656,tablet9898989,Biden
1657,Tlwofford,Trump
1658,Imnewhere948,Trump
1659,BatmanForever93,Trump
1660,newzeckt,Biden
1661,Kresec,Biden
1662,StopShadowBansMods,Biden
1663,jakekara4,Trump
1664,name_not_important_x,Biden
1665,LastAmericanAlive,Biden
1666,GoodUSA,Biden
1667,Brad_theImpaler,Biden
1668,festy1986,Biden
1669,Please151,Biden
1670,RandomNewGirl,Trump
1671,bearybear90,Trump
1672,TopsyTheElephant,Trump
1673,SaneCaligula,Biden
1674,JasonofStarCommand20,Biden
1675,red325is,Biden
1676,MyNameIsntJohnny,Biden
1677,Donttrustvariks,Biden
1678,polaroidfades,Biden
1679,bulbasauuuur,Trump
1680,anneoftheisland,Trump
1681,Recent_Mirror,Trump
1682,IlexPauciflora,Biden
1683,alipratt25,Trump
1684,90Valentine,Trump
1685,A_Sarcastic_Werecat,Trump
1686,High_acct,Trump
1687,HandRailSuicide1,Trump
1688,inagartenofeden,Biden
1689,thcalan,Biden
1690,mso1234,Biden
1691,miaamanatee,Biden
1692,riotclit,Trump
1693,Map_Ref_41N93W,Trump
1694,WalterReedMedCentaur,Biden
1695,Wynward,Trump
1696,The50centTourist,Biden
1697,bathtub_mintjulep,Trump
1698,nandacast,Trump
1699,danny_tooine,Trump
1700,SMFCAU,Biden
1701,UncleTeefa,Biden
1702,friedapplecake,Trump
1703,cirrhosisofthe_river,Trump
1704,InternationalFork,Trump
1705,DirectedAcyclicGraph,Trump
1706,dollarsandcents101,Biden
1707,grombleduke,Biden
1708,lmeaac,Trump
1709,blindchickruns,Trump
1710,carbearnaceous,Trump
1711,whitehypeman,Biden
1712,sandersidle,Trump
1713,coffeehearts,Trump
1714,polyesterjellyfish,Trump
1715,rmarti78,Biden
1716,ticklishpandabear,Trump
1717,InIce1234,Biden
1718,Enchess,Trump
1719,RedditDestroysDreams,Biden
1720,The_Dalek_Emperor,Biden
1721,NatrixHasYou,Biden
1722,FinancialAcct,Trump
1723,-flaneur-,Trump
1724,CheersFromBabylon,Trump
1725,xscreamingtreesx,Biden
1726,CandyRedNinja,Biden
1727,ytown,Trump
1728,tigerdeF,Biden
1729,igeyorhm27,Trump
1730,Andalib_Odulate,Trump
1731,EarthBendersHitDiff,Trump
1732,chancygoestheparty,Trump
1733,FUCKLORD_SKYPUNCH,Biden
1734,BitmexOverloader,Biden
1735,TheOwlHypothesis,Biden
1736,throwawaywriting12,Trump
1737,fundropp8242,Biden
1738,TrumpVotersAre2Blame,Trump
1739,bleach_injector_2020,Trump
1740,muncher21,Biden
